1225;0;18.75
1726;1;21.50
2242;2;22.75
2771;0;18.75
3273;1;21.50
3788;2;22.75
4319;0;18.75
4819;1;21.50
5336;2;22.75
5866;0;18.75
6367;1;21.50
6883;2;22.75
6883;P;30
7413;0;18.75
7914;1;21.50
8430;2;22.75
8960;0;18.75
9461;1;21.50
9977;2;22.50
10507;0;18.75
11009;1;21.50
11524;2;22.75
12054;0;18.75
12555;1;21.50
13071;2;22.50
13601;0;18.75
14102;1;21.50
14618;2;22.75
15149;0;18.75
15649;1;21.50
16165;2;22.75
16695;0;18.75
17197;1;21.50
17712;2;22.75
18242;0;18.75
18744;1;21.50
19259;2;22.75
19789;0;19.00
20291;1;21.50
20806;2;22.75
21337;0;18.75
21837;1;21.50
22353;2;22.75
22884;0;18.75
23385;1;21.50
23901;2;22.75
24431;0;19.00
24932;1;21.50
25448;2;22.75
25977;0;18.75
26479;1;21.50
26994;2;22.75
27525;0;19.00
28026;1;21.50
28541;2;22.75
29072;0;18.75
29573;1;21.50
30089;2;22.75
30619;0;18.75
31120;1;21.50
31636;2;22.75
32166;0;19.00
32667;1;21.50
33183;2;22.75
33183;P;40
33713;0;19.00
34214;1;21.50
34731;2;23.00
35260;0;19.00
35762;1;21.50
36278;2;23.00
36807;0;19.25
37309;1;21.50
37824;2;23.00
38354;0;19.50
38856;1;21.50
39371;2;23.00
39902;0;19.75
40403;1;21.50
40919;2;23.00
41449;0;20.25
41951;1;21.50
42466;2;23.25
42996;0;20.50
43498;1;21.50
44013;2;23.25
44544;0;21.00
45045;1;21.50
45560;2;23.25
46091;0;21.25
46593;1;21.50
47108;2;23.25
47638;0;21.75
48140;1;21.50
48655;2;23.25
49185;0;22.25
49687;1;21.50
50202;2;23.25
50733;0;22.75
51234;1;21.50
51749;2;23.50
52280;0;23.50
52782;1;21.50
53297;2;23.50
53827;0;24.00
54329;1;21.50
54844;2;23.50
55374;0;24.75
55876;1;21.50
56391;2;23.50
56922;0;25.50
57423;1;21.50
57938;2;23.50
57938;P;50
58469;0;26.00
58971;1;21.75
59487;2;23.75
60017;0;26.75
60518;1;21.75
61034;2;23.75
61564;0;27.50
62065;1;21.75
62581;2;23.75
63112;0;28.00
63612;1;21.75
64129;2;23.75
64659;0;28.75
65161;1;22.00
65676;2;24.00
66206;0;29.50
66708;1;22.00
67223;2;24.00
67753;0;30.00
68255;1;22.25
68771;2;24.00
69301;0;30.75
69803;1;22.25
70319;2;24.00
70849;0;31.50
71350;1;22.25
71866;2;24.00
72396;0;32.25
72897;1;22.50
73413;2;24.25
73944;0;33.00
74445;1;22.50
74960;2;24.25
75491;0;33.75
75993;1;22.75
76509;2;24.25
77038;0;34.50
77540;1;22.75
78056;2;24.25
78586;0;35.00
79087;1;23.00
79603;2;24.25
80134;0;35.75
80635;1;23.00
81150;2;24.50
81681;0;36.50
82183;1;23.00
82698;2;24.50
82698;P;60
83228;0;37.25
83730;1;23.25
84246;2;24.50
84776;0;37.75
85277;1;23.25
85793;2;24.50
86324;0;38.50
86824;1;23.25
87341;2;24.50
87871;0;39.25
88373;1;23.50
88888;2;24.75
89418;0;39.75
89920;1;23.50
90436;2;24.75
90966;0;40.50
91467;1;23.50
91983;2;24.75
92514;0;41.25
93015;1;23.50
93531;2;24.75
94061;0;41.75
94563;1;23.50
95078;2;24.75
95608;0;42.50
96110;1;23.75
96626;2;25.00
97157;0;43.25
97657;1;23.75
98173;2;25.00
98704;0;44.00
99206;1;23.75
99722;2;25.00
100251;0;44.50
100753;1;23.75
101269;2;25.00
101799;0;45.25
102301;1;23.75
102817;2;25.00
103348;0;46.00
103848;1;24.00
104365;2;25.25
104895;0;46.75
105397;1;24.00
105913;2;25.25
106443;0;47.25
106945;1;24.25
107460;2;25.25
107991;0;48.00
108492;1;24.25
109008;2;25.25
109539;0;48.75
110041;1;24.25
110557;2;25.25
111087;0;49.25
111588;1;24.25
112104;2;25.50
112634;0;50.00
113136;1;24.50
113652;2;25.50
113652;P;70
114183;0;50.75
114684;1;24.50
115201;2;25.50
115731;0;51.50
116233;1;24.75
116749;2;25.50
117279;0;52.00
117781;1;24.75
118297;2;25.50
118828;0;52.75
119329;1;24.75
119845;2;25.75
120376;0;53.25
120878;1;25.00
121395;2;25.75
121925;0;54.00
122428;1;25.00
122944;2;25.75
123475;0;54.75
123978;1;25.25
124494;2;25.75
125026;0;55.50
125529;1;25.25
126046;2;25.75
126578;0;56.25
127081;1;25.50
127598;2;26.00
128131;0;57.00
128633;1;25.75
129152;2;26.00
129684;0;57.75
130187;1;26.00
130705;2;26.00
131237;0;58.50
131741;1;26.00
132259;2;26.00
132792;0;59.25
133297;1;26.25
133815;2;26.00
133815;P;80
134348;0;60.00
134852;1;26.50
135371;2;26.25
135904;0;60.75
136409;1;26.75
136928;2;26.25
137461;0;61.50
137966;1;27.00
138485;2;26.25
139019;0;62.25
139524;1;27.00
140044;2;26.25
140577;0;63.00
141083;1;27.25
141602;2;26.25
142137;0;63.75
142643;1;27.50
143163;2;26.50
143697;0;64.25
144203;1;27.75
144723;2;26.50
145258;0;65.00
145764;1;28.00
146285;2;26.50
146820;0;65.75
147326;1;28.25
147847;2;26.50
148382;0;66.25
148889;1;28.50
149410;2;26.50
149946;0;66.75
150452;1;28.75
150973;2;26.75
151510;0;67.50
152016;1;28.75
152538;2;26.75
153074;0;68.00
153581;1;29.00
154102;2;26.75
154639;0;68.75
155147;1;29.50
155668;2;26.75
156205;0;69.25
156712;1;29.50
157235;2;26.75
157771;0;70.00
158279;1;29.75
158801;2;27.00
159339;0;70.50
159847;1;30.00
160370;2;27.00
160907;0;71.00
161416;1;30.25
161938;2;27.00
162476;0;71.75
162984;1;30.50
163508;2;27.00
163508;P;90
164045;0;72.25
164554;1;30.75
165078;2;27.25
165616;0;73.00
166125;1;31.00
166649;2;27.25
167187;0;73.75
167697;1;31.25
168220;2;27.25
168759;0;74.50
169269;1;31.50
169793;2;27.25
170332;0;75.00
170843;1;31.75
171367;2;27.25
171906;0;75.75
172417;1;32.00
172941;2;27.50
173480;0;76.50
173991;1;32.25
174517;2;27.50
175056;0;77.00
175566;1;32.50
176093;2;27.50
176632;0;77.75
177143;1;32.75
177669;2;27.50
178209;0;78.50
178720;1;33.00
179247;2;27.75
179787;0;79.25
180299;1;33.25
180826;2;27.75
181366;0;79.75
181878;1;33.50
182406;2;27.75
182946;0;80.50
183459;1;33.75
183986;2;27.75
184527;0;81.25
185040;1;34.00
185568;2;27.75
186109;0;82.00
186622;1;34.25
187150;2;28.00
187693;0;82.50
188206;1;34.50
188733;2;28.00
189276;0;83.25
189790;1;34.75
190318;2;28.00
190861;0;84.00
191375;1;35.00
191903;2;28.00
192446;0;84.75
192961;1;35.25
193489;2;28.25
194033;0;85.50
194548;1;35.50
195077;2;28.25
195077;P;100
195621;0;86.25
196136;1;35.75
196666;2;28.25
197210;0;87.00
197725;1;36.00
198255;2;28.25
198800;0;87.75
199315;1;36.50
199845;2;28.50
200390;0;88.50
200906;1;36.75
201438;2;28.50
201982;0;89.50
202500;1;37.00
203031;2;28.50
203577;0;90.25
204093;1;37.25
204624;2;28.50
205171;0;91.00
205688;1;37.50
206220;2;28.75
206767;0;91.75
207284;1;38.00
207816;2;28.75
208363;0;92.75
208882;1;38.25
209415;2;28.75
209963;0;94.00
210481;1;38.50
211014;2;28.75
211563;0;95.00
212082;1;38.75
212616;2;29.00
212616;P;105
213165;0;96.00
213684;1;39.25
214218;2;29.00
214767;0;96.50
215287;1;39.50
215822;2;29.00
216371;0;97.25
216892;1;39.75
217426;2;29.00
217976;0;97.75
218497;1;40.25
219031;2;29.25
219581;0;98.00
220102;1;40.75
220637;2;29.25
221187;0;98.25
221708;1;41.25
222243;2;29.25
222793;0;98.50
223313;1;41.75
223849;2;29.25
224399;0;98.50
224920;1;42.25
225456;2;29.25
226006;0;98.50
226527;1;42.75
227062;2;29.25
227611;0;98.50
228132;1;43.25
228668;2;29.25
229218;0;98.50
229739;1;43.75
230275;2;29.50
230824;0;98.50
231345;1;44.25
231880;2;29.50
232430;0;98.25
232950;1;44.75
233486;2;29.50
234036;0;98.00
234556;1;45.50
235091;2;29.50
235641;0;98.00
236162;1;46.00
236697;2;29.50
237246;0;97.75
237767;1;46.50
238302;2;29.50
238852;0;97.75
239372;1;47.00
239906;2;29.50
240456;0;97.50
240976;1;47.50
241511;2;29.50
242061;0;97.50
242581;1;48.00
243116;2;29.50
243665;0;97.25
244186;1;48.50
244720;2;29.50
245269;0;97.25
245790;1;48.75
246325;2;29.75
246874;0;97.25
247394;1;49.25
247928;2;29.50
248478;0;97.00
248998;1;49.75
249533;2;29.50
250082;0;97.00
250602;1;50.25
251137;2;29.75
251685;0;97.00
252206;1;50.50
252740;2;29.75
253290;0;96.75
253809;1;51.00
254344;2;29.75
254893;0;96.75
255413;1;51.25
255948;2;29.75
256497;0;97.00
257017;1;51.75
257552;2;29.75
258101;0;97.25
258621;1;52.25
259155;2;29.75
259705;0;97.75
260226;1;52.50
260596;2;29.75
260730;0;97.75
260832;1;52.50
261266;2;29.75
261815;0;98.25
262336;1;53.00
262872;2;29.75
263421;0;98.25
263942;1;53.25
264477;2;29.75
265027;0;98.50
265548;1;53.75
266084;2;30.00
266634;0;98.50
267155;1;54.00
267691;2;30.00
268240;0;98.75
268761;1;54.25
269296;2;30.00
269846;0;98.75
269888;1;54.50
269961;2;30.00
270846;0;98.75
271367;1;54.75
271902;2;30.00
272103;0;-127.00
272373;1;55.00
272438;2;30.00
273103;0;98.75
273164;1;55.00
273226;2;30.00
274103;0;98.75
274132;1;55.25
274637;2;30.00
275103;0;98.75
275159;1;55.50
275694;2;30.00
276244;0;98.50
276765;1;56.00
277301;2;30.25
277851;0;98.50
278372;1;56.25
278906;2;30.25
279456;0;98.50
279977;1;56.50
280513;2;30.25
281063;0;98.25
281583;1;56.75
282119;2;30.25
282669;0;98.25
283190;1;57.00
283724;2;30.25
284274;0;98.00
284794;1;57.50
285330;2;30.25
285880;0;98.00
286400;1;57.75
286936;2;30.25
287484;0;97.75
288006;1;58.00
288540;2;30.50
289090;0;97.75
289610;1;58.25
290145;2;30.50
290695;0;97.50
291215;1;58.50
291750;2;30.50
292299;0;97.50
292819;1;58.75
293355;2;30.50
293904;0;97.50
294424;1;58.75
294914;2;30.50
295455;0;97.25
295975;1;59.25
296510;2;30.50
297059;0;97.25
297579;1;59.50
298114;2;30.50
298663;0;97.25
299184;1;59.50
299718;2;30.75
300267;0;97.25
300787;1;59.75
301323;2;30.75
301872;0;97.00
302392;1;60.00
302926;2;30.75
303475;0;97.00
303995;1;60.25
304530;2;30.75
305079;0;97.00
305599;1;60.25
306134;2;30.75
306683;0;97.00
307203;1;60.50
307738;2;30.75
308287;0;97.00
308807;1;60.75
309342;2;30.75
309891;0;96.75
310410;1;61.00
310944;2;31.00
311494;0;96.75
312013;1;61.00
312548;2;31.00
313097;0;96.75
313617;1;61.25
314151;2;31.00
314700;0;96.75
315220;1;61.50
315755;2;31.00
316304;0;96.75
316823;1;61.50
317358;2;31.00
317906;0;96.50
318427;1;61.75
318961;2;31.00
319510;0;96.50
320030;1;61.75
320564;2;31.25
321113;0;96.50
321633;1;62.00
322167;2;31.25
322715;0;96.50
323235;1;62.00
323770;2;31.25
324319;0;96.50
324838;1;62.25
325372;2;31.25
325921;0;96.25
326440;1;62.25
326975;2;31.25
327524;0;96.25
328043;1;62.50
328578;2;31.25
329126;0;96.25
329646;1;62.50
330180;2;31.50
330729;0;96.25
331248;1;62.75
331783;2;31.50
332332;0;96.00
332851;1;62.75
333385;2;31.50
333933;0;96.00
334453;1;62.75
334987;2;31.50
335536;0;96.00
336056;1;63.00
336589;2;31.50
337138;0;96.00
337657;1;63.00
338192;2;31.50
338740;0;95.75
339260;1;63.25
339793;2;31.75
340342;0;95.75
340861;1;63.25
341396;2;31.75
341944;0;95.75
342464;1;63.25
342998;2;31.75
343545;0;95.75
344066;1;63.50
344599;2;31.75
345148;0;95.75
345667;1;63.50
346201;2;31.75
346749;0;95.50
347269;1;63.50
347802;2;32.00
348351;0;95.50
348870;1;63.75
349404;2;32.00
349953;0;95.50
350472;1;63.75
351005;2;32.00
351554;0;95.50
352073;1;63.75
352607;2;32.00
353156;0;95.50
353324;1;63.75
353689;2;32.00
354237;0;95.50
354757;1;64.00
355177;2;32.00
355305;0;95.50
355824;1;64.00
356358;2;32.25
356907;0;95.50
356969;1;64.00
357123;2;-127.00
357907;0;95.50
358009;1;64.00
358124;2;32.25
358907;0;95.25
359427;1;64.25
359960;2;32.25
360508;0;95.25
360599;1;64.25
360782;2;32.25
361508;0;95.25
361765;1;64.25
361820;2;32.25
362508;0;95.25
363027;1;64.25
363479;2;32.25
363575;0;95.25
363616;1;64.25
363678;2;32.25
364575;0;95.25
364624;1;64.25
364956;2;32.50
365575;0;95.00
366094;1;64.25
366267;2;32.50
366575;0;95.00
366681;1;64.50
367214;2;32.50
367762;0;95.00
368281;1;64.50
368816;2;32.50
369007;0;95.00
369119;1;64.50
369349;2;32.50
370007;0;95.00
370526;1;64.50
371059;2;32.50
371607;0;95.00
372126;1;64.50
372569;2;32.50
372674;0;95.00
373193;1;64.50
373727;2;32.75
374275;0;94.75
374794;1;64.75
375327;2;32.75
375875;0;94.75
376394;1;64.75
376927;2;32.75
377475;0;94.75
377994;1;64.75
378527;2;32.75
378527;P;100
379075;0;94.75
379594;1;64.75
380128;2;33.00
380676;0;94.50
381195;1;64.75
381727;2;33.00
382275;0;94.50
382794;1;65.00
383328;2;33.00
383876;0;94.50
384395;1;65.00
384928;2;33.00
385475;0;94.50
385994;1;65.00
386528;2;33.00
387076;0;94.50
387594;1;65.00
388127;2;33.25
388675;0;94.50
389194;1;65.00
389727;2;33.25
390275;0;94.25
390794;1;65.00
391326;2;33.25
391874;0;94.25
392393;1;65.25
392927;2;33.25
393474;0;94.25
393993;1;65.25
394526;2;33.25
395073;0;94.25
395592;1;65.25
396125;2;33.25
396673;0;94.00
397192;1;65.25
397724;2;33.50
398272;0;94.00
398790;1;65.25
399324;2;33.50
399872;0;94.00
400390;1;65.25
400923;2;33.50
401470;0;94.00
401989;1;65.25
402522;2;33.50
403069;0;93.75
403588;1;65.25
404121;2;33.50
404669;0;93.75
405187;1;65.50
405720;2;33.50
406267;0;93.75
406786;1;65.50
407319;2;33.75
407866;0;93.75
408385;1;65.50
408918;2;33.75
409465;0;93.75
409984;1;65.50
410516;2;33.75
411064;0;93.75
411582;1;65.50
412115;2;33.75
412662;0;93.50
413180;1;65.50
413714;2;34.00
414261;0;93.50
414779;1;65.50
415312;2;34.00
415859;0;93.50
416377;1;65.50
416911;2;34.00
417458;0;93.50
417976;1;65.50
418509;2;34.00
419056;0;93.50
419574;1;65.50
420108;2;34.00
420655;0;93.25
421173;1;65.75
421705;2;34.25
422253;0;93.25
422771;1;65.50
423304;2;34.25
423851;0;93.25
424369;1;65.75
424902;2;34.25
425449;0;93.25
425967;1;65.75
426500;2;34.25
427047;0;93.25
427566;1;65.75
428098;2;34.25
428645;0;93.00
429163;1;65.75
429696;2;34.25
430243;0;93.00
430761;1;65.75
431294;2;34.50
431841;0;93.00
432359;1;65.75
432891;2;34.50
433438;0;93.00
433956;1;65.75
434489;2;34.50
435036;0;93.00
435554;1;65.75
436087;2;34.50
436634;0;93.00
437152;1;65.75
437685;2;34.50
438232;0;93.00
438750;1;65.75
439282;2;34.50
439829;0;92.75
440347;1;65.75
440880;2;34.75
441426;0;92.75
441945;1;65.75
442477;2;34.75
443024;0;92.75
443542;1;65.75
444075;2;34.75
444621;0;92.75
445138;1;65.75
445671;2;34.75
446218;0;92.50
446736;1;65.75
447268;2;34.75
447815;0;92.50
448333;1;65.75
448866;2;35.00
449413;0;92.50
449931;1;65.75
450462;2;35.00
451009;0;92.50
451527;1;65.75
452060;2;35.00
452606;0;92.50
453125;1;65.75
453657;2;35.00
454204;0;92.50
454721;1;65.75
455254;2;35.00
455800;0;92.50
456318;1;65.75
456851;2;35.00
457398;0;92.50
457916;1;66.00
458447;2;35.25
458994;0;92.25
459512;1;65.75
460045;2;35.25
460592;0;92.25
461109;1;65.75
461641;2;35.25
462188;0;92.25
462706;1;65.75
463238;2;35.25
463784;0;92.25
464303;1;65.75
464835;2;35.25
465381;0;92.25
465899;1;65.75
466432;2;35.25
466977;0;92.00
467495;1;66.00
468028;2;35.50
468574;0;92.00
469092;1;65.75
469624;2;35.50
470170;0;92.00
470688;1;65.75
471221;2;35.50
471767;0;92.00
472285;1;66.00
472816;2;35.50
473363;0;92.00
473880;1;66.00
474413;2;35.50
474959;0;91.75
475476;1;65.75
476009;2;35.75
476555;0;91.75
477073;1;65.75
477604;2;35.75
478151;0;91.75
478668;1;66.00
479201;2;35.75
479748;0;91.75
480265;1;65.75
480796;2;35.75
481343;0;91.75
481860;1;66.00
482393;2;35.75
482938;0;91.75
483457;1;66.00
483988;2;35.75
484535;0;91.50
485052;1;65.75
485583;2;36.00
486130;0;91.50
486647;1;66.00
487180;2;36.00
487726;0;91.50
488243;1;65.75
488775;2;36.00
489321;0;91.25
489838;1;65.75
490371;2;36.00
490916;0;91.25
491433;1;65.75
491966;2;36.00
492512;0;91.25
493029;1;65.75
493561;2;36.00
494107;0;91.25
494624;1;65.75
495156;2;36.00
495703;0;91.25
496220;1;65.75
496751;2;36.25
497297;0;91.25
497815;1;65.75
498347;2;36.25
498892;0;91.25
499409;1;65.75
499942;2;36.25
500488;0;91.00
501005;1;65.75
501536;2;36.25
502082;0;91.00
502599;1;65.75
503132;2;36.25
503677;0;91.00
504195;1;65.75
504726;2;36.25
505272;0;91.00
505789;1;65.75
506321;2;36.25
506867;0;91.00
507384;1;65.75
507916;2;36.50
508462;0;90.75
508979;1;65.75
509510;2;36.50
510056;0;90.75
510573;1;65.75
511105;2;36.50
511651;0;90.75
512167;1;65.75
512699;2;36.50
513246;0;90.75
513762;1;65.75
514293;2;36.50
514840;0;90.75
515356;1;65.75
515888;2;36.50
516433;0;90.75
516951;1;65.75
517482;2;36.50
518028;0;90.50
518545;1;65.75
519076;2;36.75
519622;0;90.50
520139;1;65.75
520671;2;36.75
521217;0;90.50
521734;1;65.75
522265;2;36.75
522811;0;90.50
523327;1;65.75
523858;2;36.75
524404;0;90.50
524921;1;65.75
525453;2;36.75
525999;0;90.50
526516;1;65.75
527047;2;36.75
527592;0;90.25
528109;1;65.75
528641;2;37.00
529186;0;90.25
529703;1;65.75
530234;2;37.00
530780;0;90.25
531297;1;65.75
531828;2;37.00
532373;0;90.25
532890;1;65.75
533422;2;37.00
533967;0;90.25
534483;1;65.75
535015;2;37.00
535561;0;90.25
536078;1;65.75
536608;2;37.00
537154;0;90.00
537671;1;65.75
538202;2;37.00
538747;0;90.00
539265;1;65.75
539795;2;37.00
540341;0;90.00
540858;1;65.75
541388;2;37.25
541934;0;90.00
542451;1;65.75
542982;2;37.25
543527;0;90.00
544044;1;65.75
544575;2;37.25
545121;0;89.75
545637;1;65.75
546168;2;37.25
546713;0;89.75
547230;1;65.75
547761;2;37.25
548306;0;89.75
548823;1;65.75
549354;2;37.25
549900;0;89.75
550416;1;65.75
550947;2;37.25
551492;0;89.75
552009;1;65.75
552540;2;37.50
553085;0;89.75
553602;1;65.75
554132;2;37.50
554678;0;89.50
555194;1;65.75
555725;2;37.50
556270;0;89.50
556787;1;65.75
557318;2;37.50
557863;0;89.50
558380;1;65.75
558910;2;37.50
559456;0;89.50
559972;1;65.75
560503;2;37.50
561048;0;89.50
561565;1;65.50
562096;2;37.50
562640;0;89.50
563158;1;65.50
563688;2;37.50
564234;0;89.50
564750;1;65.50
565280;2;37.50
565826;0;89.50
566342;1;65.50
566873;2;37.75
567418;0;89.25
567934;1;65.50
568465;2;37.75
569010;0;89.25
569527;1;65.50
570057;2;37.75
570602;0;89.25
571119;1;65.50
571650;2;37.75
572194;0;89.25
572710;1;65.50
573242;2;37.75
573787;0;89.00
574303;1;65.50
574833;2;37.75
575379;0;89.00
575895;1;65.50
576425;2;38.00
576971;0;89.00
577487;1;65.50
578018;2;38.00
578563;0;89.00
579079;1;65.50
579609;2;38.00
580155;0;89.00
580671;1;65.50
581201;2;38.00
581746;0;89.00
582262;1;65.50
582794;2;38.00
583339;0;89.00
583855;1;65.50
584385;2;38.00
584930;0;88.75
585446;1;65.50
585976;2;38.00
586522;0;88.75
587038;1;65.50
587569;2;38.00
588113;0;88.75
588630;1;65.50
589160;2;38.00
589705;0;88.75
590221;1;65.50
590751;2;38.00
591296;0;88.75
591812;1;65.50
592343;2;38.25
592888;0;88.50
593404;1;65.50
593935;2;38.25
594480;0;88.50
594996;1;65.50
595526;2;38.25
596071;0;88.50
596586;1;65.50
597116;2;38.25
597662;0;88.50
598177;1;65.50
598708;2;38.25
599254;0;88.50
599769;1;65.50
600299;2;38.25
600844;0;88.50
601360;1;65.25
601890;2;38.25
602435;0;88.50
602951;1;65.25
603482;2;38.25
604026;0;88.50
604542;1;65.25
605073;2;38.25
605618;0;88.50
606134;1;65.25
606664;2;38.50
607209;0;88.25
607724;1;65.25
608254;2;38.50
608799;0;88.25
609315;1;65.25
609846;2;38.50
610391;0;88.25
610907;1;65.25
611437;2;38.50
611982;0;88.25
612498;1;65.25
613028;2;38.50
613572;0;88.25
614088;1;65.25
614619;2;38.50
615163;0;88.25
615680;1;65.25
616210;2;38.50
616754;0;88.00
617270;1;65.25
617800;2;38.50
618345;0;88.00
618860;1;65.25
619390;2;38.50
619935;0;88.00
620451;1;65.25
620981;2;38.75
621526;0;88.00
622042;1;65.25
622571;2;38.75
623116;0;88.00
623632;1;65.25
624162;2;38.75
624706;0;87.75
625222;1;65.25
625753;2;38.75
626297;0;87.75
626812;1;65.25
627343;2;38.75
627888;0;87.75
628403;1;65.25
628933;2;38.75
629478;0;87.75
629993;1;65.25
630523;2;38.75
631068;0;87.75
631583;1;65.00
632114;2;38.75
632658;0;87.75
633174;1;65.00
633704;2;38.75
634249;0;87.75
634764;1;65.00
635294;2;38.75
635838;0;87.75
636354;1;65.00
636883;2;39.00
637428;0;87.75
637944;1;65.00
638474;2;39.00
639019;0;87.50
639534;1;65.00
640064;2;39.00
640609;0;87.50
641124;1;65.00
641654;2;39.00
642198;0;87.50
642714;1;65.00
643244;2;39.00
643788;0;87.50
644303;1;65.00
644834;2;39.00
645378;0;87.50
645894;1;65.00
646423;2;39.00
646968;0;87.50
647483;1;65.00
648012;2;39.00
648557;0;87.50
649072;1;65.00
649603;2;39.00
650146;0;87.25
650662;1;65.00
651192;2;39.00
651737;0;87.25
652252;1;65.00
652781;2;39.25
653326;0;87.25
653841;1;65.00
654370;2;39.25
654915;0;87.25
655430;1;65.00
655960;2;39.25
656504;0;87.25
657019;1;65.00
657549;2;39.25
658094;0;87.00
658609;1;64.75
659139;2;39.25
659683;0;87.00
660198;1;64.75
660727;2;39.25
661272;0;87.00
661787;1;64.75
662317;2;39.25
662861;0;87.00
663376;1;64.75
663906;2;39.25
664450;0;87.00
664966;1;64.75
665495;2;39.25
666039;0;87.00
666554;1;64.75
667084;2;39.25
667628;0;87.00
668143;1;64.75
668673;2;39.25
669217;0;87.00
669732;1;64.75
670262;2;39.50
670806;0;86.75
671322;1;64.75
671851;2;39.50
672395;0;86.75
672910;1;64.75
673439;2;39.50
673984;0;86.75
674499;1;64.75
675028;2;39.50
675572;0;86.75
676087;1;64.75
676617;2;39.50
677161;0;86.75
677677;1;64.75
678206;2;39.50
678750;0;86.75
679265;1;64.75
679794;2;39.50
680338;0;86.50
680853;1;64.75
681382;2;39.50
681927;0;86.50
682442;1;64.75
682972;2;39.50
683515;0;86.50
684030;1;64.75
684560;2;39.50
685104;0;86.50
685619;1;64.50
686148;2;39.50
686692;0;86.50
687207;1;64.50
687736;2;39.50
688280;0;86.50
688795;1;64.50
689325;2;39.75
689869;0;86.50
690383;1;64.50
690913;2;39.75
691458;0;86.50
691972;1;64.50
692501;2;39.75
693046;0;86.50
693560;1;64.50
694089;2;39.75
694634;0;86.25
695148;1;64.50
695677;2;39.75
696221;0;86.25
696736;1;64.50
697266;2;39.75
697809;0;86.25
698324;1;64.50
698854;2;39.75
699398;0;86.25
699913;1;64.50
700442;2;39.75
700986;0;86.25
701500;1;64.50
702029;2;39.75
702573;0;86.00
703088;1;64.50
703618;2;39.75
704161;0;86.00
704676;1;64.50
705206;2;39.75
705750;0;86.00
706264;1;64.25
706793;2;39.75
707337;0;86.00
707852;1;64.25
708381;2;39.75
708925;0;86.00
709440;1;64.25
709968;2;40.00
710512;0;86.00
711027;1;64.25
711557;2;40.00
712100;0;86.00
712615;1;64.25
713144;2;40.00
713688;0;86.00
714203;1;64.25
714732;2;40.00
715276;0;85.75
715790;1;64.25
716319;2;40.00
716863;0;85.75
717378;1;64.25
717906;2;40.00
718450;0;85.75
718965;1;64.25
719495;2;40.00
720038;0;85.75
720552;1;64.25
721082;2;40.00
721626;0;85.75
722141;1;64.25
722670;2;40.00
723213;0;85.75
723728;1;64.25
724257;2;40.00
724801;0;85.75
725315;1;64.25
725844;2;40.00
726388;0;85.50
726902;1;64.25
727432;2;40.00
727975;0;85.50
728491;1;64.25
729019;2;40.00
729563;0;85.50
730078;1;64.00
730607;2;40.25
731150;0;85.50
731665;1;64.00
732194;2;40.25
732738;0;85.50
733252;1;64.00
733782;2;40.25
734325;0;85.50
734839;1;64.00
735369;2;40.25
735912;0;85.50
736428;1;64.00
736956;2;40.25
737500;0;85.25
738015;1;64.00
738544;2;40.25
739087;0;85.25
739602;1;64.00
740131;2;40.25
740675;0;85.25
741189;1;64.00
741719;2;40.25
742262;0;85.25
742776;1;64.00
743306;2;40.25
743849;0;85.25
744364;1;64.00
744893;2;40.25
745437;0;85.25
745951;1;64.00
746480;2;40.25
747024;0;85.25
747538;1;64.00
748067;2;40.25
748611;0;85.00
749125;1;64.00
749655;2;40.25
750198;0;85.00
750712;1;64.00
751242;2;40.25
751785;0;85.00
752300;1;63.75
752829;2;40.25
753373;0;85.00
753887;1;63.75
754416;2;40.25
754960;0;85.00
755474;1;63.75
756003;2;40.25
756547;0;85.00
757061;1;63.75
757591;2;40.50
758133;0;85.00
758648;1;63.75
759178;2;40.50
759720;0;85.00
760236;1;63.75
760764;2;40.50
761308;0;85.00
761823;1;63.75
762351;2;40.50
762895;0;84.75
763409;1;63.75
763938;2;40.50
764482;0;84.75
764996;1;63.75
765526;2;40.50
766068;0;84.75
766583;1;63.75
767113;2;40.50
767655;0;84.75
768171;1;63.75
768699;2;40.50
769243;0;84.75
769758;1;63.75
770286;2;40.50
770830;0;84.75
771344;1;63.75
771873;2;40.50
772417;0;84.75
772931;1;63.75
773460;2;40.50
774003;0;84.50
774518;1;63.75
775047;2;40.50
775590;0;84.50
776104;1;63.50
776634;2;40.50
777177;0;84.50
777692;1;63.50
778220;2;40.50
778764;0;84.50
779278;1;63.50
779807;2;40.50
780351;0;84.50
780865;1;63.50
781394;2;40.50
781937;0;84.50
782452;1;63.50
782981;2;40.75
783524;0;84.50
784038;1;63.50
784568;2;40.75
785111;0;84.25
785626;1;63.50
786154;2;40.75
786698;0;84.25
787212;1;63.50
787741;2;40.75
788285;0;84.25
788799;1;63.50
789327;2;40.75
789871;0;84.25
790385;1;63.50
790915;2;40.75
791457;0;84.25
791972;1;63.50
792501;2;40.75
793044;0;84.25
793559;1;63.50
794088;2;40.75
794631;0;84.25
795146;1;63.50
795674;2;40.75
796217;0;84.25
796732;1;63.50
797260;2;40.75
797804;0;84.25
798318;1;63.25
798846;2;40.75
799390;0;84.00
799904;1;63.25
800434;2;40.75
800976;0;84.00
801490;1;63.25
802020;2;40.75
802563;0;84.00
803078;1;63.25
803606;2;40.75
804150;0;84.00
804664;1;63.25
805192;2;40.75
805736;0;84.00
806250;1;63.25
806778;2;40.75
807322;0;84.00
807836;1;63.25
808365;2;40.75
808908;0;84.00
809422;1;63.25
809952;2;41.00
810494;0;84.00
811009;1;63.25
811538;2;41.00
812081;0;84.00
812596;1;63.25
813124;2;41.00
813667;0;84.00
814182;1;63.25
814710;2;41.00
815253;0;83.75
815768;1;63.25
816296;2;41.00
816840;0;83.75
817354;1;63.25
817883;2;41.00
818426;0;83.75
818940;1;63.25
819469;2;41.00
820013;0;83.75
820527;1;63.25
821055;2;41.00
821598;0;83.75
822113;1;63.00
822641;2;41.00
823184;0;83.75
823699;1;63.00
824227;2;41.00
824770;0;83.50
825285;1;63.00
825814;2;41.00
826356;0;83.50
826870;1;63.00
827400;2;41.00
827942;0;83.50
828456;1;63.00
828986;2;41.00
829529;0;83.50
830043;1;63.00
830571;2;41.00
830571;P;90
831115;0;83.50
831629;1;63.00
832157;2;41.00
832701;0;83.50
833215;1;63.00
833743;2;41.00
834286;0;83.50
834801;1;63.00
835330;2;41.00
835872;0;83.25
836386;1;63.00
836916;2;41.00
837458;0;83.25
837972;1;63.00
838501;2;41.00
839045;0;83.25
839559;1;63.00
840087;2;41.00
840630;0;83.25
841144;1;63.00
841672;2;41.25
842216;0;83.25
842730;1;62.75
843258;2;41.00
843801;0;83.25
844315;1;62.75
844845;2;41.25
845387;0;83.25
845901;1;62.75
846430;2;41.25
846973;0;83.25
847488;1;62.75
848016;2;41.25
848559;0;83.25
849073;1;62.75
849601;2;41.25
850145;0;83.00
850659;1;62.75
851187;2;41.25
851730;0;83.00
852244;1;62.75
852772;2;41.25
853316;0;83.00
853830;1;62.75
854359;2;41.25
854901;0;83.00
855415;1;62.75
855944;2;41.25
856486;0;83.00
857000;1;62.75
857530;2;41.25
858073;0;83.00
858587;1;62.75
859115;2;41.25
859658;0;83.00
860172;1;62.75
860700;2;41.25
861243;0;83.00
861757;1;62.50
862286;2;41.25
862829;0;82.75
863343;1;62.50
863872;2;41.25
864414;0;82.75
864928;1;62.50
865457;2;41.25
865999;0;82.75
866513;1;62.50
867042;2;41.25
867585;0;82.75
868099;1;62.50
868627;2;41.25
869171;0;82.75
869685;1;62.50
870213;2;41.25
870756;0;82.75
871270;1;62.50
871798;2;41.25
872341;0;82.75
872855;1;62.50
873383;2;41.25
873926;0;82.75
874440;1;62.50
874969;2;41.25
875511;0;82.75
876025;1;62.50
876554;2;41.25
877096;0;82.75
877611;1;62.50
878139;2;41.25
878682;0;82.50
879196;1;62.50
879724;2;41.25
880267;0;82.50
880781;1;62.50
881309;2;41.25
881852;0;82.50
882366;1;62.25
882894;2;41.25
883437;0;82.50
883951;1;62.25
884480;2;41.50
885022;0;82.50
885536;1;62.25
886065;2;41.50
886607;0;82.50
887121;1;62.25
887649;2;41.50
888193;0;82.25
888706;1;62.25
889234;2;41.50
889777;0;82.25
890291;1;62.25
890819;2;41.50
891362;0;82.50
891876;1;62.25
892404;2;41.50
892947;0;82.25
893461;1;62.25
893989;2;41.50
894532;0;82.25
895046;1;62.25
895575;2;41.50
896117;0;82.25
896630;1;62.25
897159;2;41.50
897701;0;82.25
898215;1;62.25
898744;2;41.50
899287;0;82.25
899801;1;62.25
900329;2;41.50
900872;0;82.25
901386;1;62.00
901913;2;41.50
902456;0;82.25
902970;1;62.00
903498;2;41.50
904041;0;82.25
904555;1;62.00
905083;2;41.50
905626;0;82.00
906139;1;62.00
906668;2;41.50
907210;0;82.00
907724;1;62.00
908253;2;41.50
908795;0;82.00
909308;1;62.00
909837;2;41.50
910380;0;82.00
910894;1;62.00
911422;2;41.50
911965;0;82.00
912478;1;62.00
913006;2;41.50
913549;0;82.00
914063;1;62.00
914591;2;41.50
915134;0;82.00
915647;1;62.00
916175;2;41.50
916718;0;82.00
917232;1;62.00
917761;2;41.50
918302;0;81.75
918816;1;62.00
919345;2;41.50
919887;0;81.75
920401;1;62.00
920929;2;41.50
921472;0;81.75
921986;1;62.00
922514;2;41.50
923057;0;81.75
923570;1;61.75
924098;2;41.50
924641;0;81.75
925155;1;61.75
925682;2;41.50
926225;0;81.75
926739;1;61.75
927267;2;41.75
927810;0;81.75
928323;1;61.75
928851;2;41.50
929394;0;81.75
929907;1;61.75
930436;2;41.75
930978;0;81.50
931492;1;61.75
932020;2;41.75
932562;0;81.50
933076;1;61.75
933605;2;41.75
934147;0;81.50
934661;1;61.75
935189;2;41.75
935732;0;81.50
936245;1;61.75
936773;2;41.75
937316;0;81.50
937830;1;61.75
938357;2;41.75
938900;0;81.50
939414;1;61.75
939941;2;41.75
940484;0;81.50
940998;1;61.75
941526;2;41.75
942068;0;81.50
942582;1;61.75
943110;2;41.75
943652;0;81.50
944166;1;61.75
944694;2;41.75
945236;0;81.25
945751;1;61.50
946278;2;41.75
946821;0;81.25
947335;1;61.50
947863;2;41.75
948405;0;81.25
948919;1;61.50
949447;2;41.75
949989;0;81.25
950503;1;61.50
951031;2;41.75
951573;0;81.25
952087;1;61.50
952614;2;41.75
953157;0;81.25
953671;1;61.50
954199;2;41.75
954741;0;81.25
955254;1;61.50
955783;2;41.75
956325;0;81.25
956838;1;61.50
957367;2;41.75
957910;0;81.00
958423;1;61.50
958951;2;41.75
959493;0;81.00
960007;1;61.50
960535;2;41.75
961077;0;81.00
961591;1;61.50
962118;2;41.75
962661;0;81.00
963175;1;61.50
963702;2;41.75
964245;0;81.00
964758;1;61.50
965286;2;41.75
965829;0;81.00
966342;1;61.50
966871;2;41.75
967412;0;81.00
967926;1;61.25
968454;2;41.75
968996;0;81.00
969509;1;61.25
970038;2;41.75
970580;0;81.00
971094;1;61.25
971622;2;41.75
972164;0;81.00
972678;1;61.25
973205;2;41.75
973748;0;80.75
974261;1;61.25
974789;2;41.75
975331;0;80.75
975845;1;61.25
976372;2;41.75
976915;0;80.75
977429;1;61.25
977956;2;41.75
978499;0;80.75
979012;1;61.25
979540;2;41.75
980082;0;80.75
980596;1;61.25
981124;2;41.75
981666;0;80.75
982179;1;61.25
982708;2;41.75
983249;0;80.75
983762;1;61.25
984291;2;41.75
984834;0;80.75
985347;1;61.25
985874;2;41.75
986417;0;80.50
986930;1;61.00
987458;2;42.00
988000;0;80.50
988514;1;61.00
989041;2;42.00
989584;0;80.50
990097;1;61.00
990625;2;42.00
991167;0;80.50
991681;1;61.00
992208;2;41.75
992751;0;80.50
993264;1;61.00
993792;2;42.00
994334;0;80.50
994847;1;61.00
995376;2;42.00
995917;0;80.50
996431;1;61.00
996959;2;42.00
997500;0;80.50
998014;1;61.00
998542;2;41.75
999085;0;80.50
999598;1;61.00
1000125;2;42.00
1000668;0;80.25
1001181;1;61.00
1001709;2;42.00
1002251;0;80.25
1002765;1;61.00
1003292;2;42.00
1003835;0;80.25
1004348;1;61.00
1004875;2;42.00
1005418;0;80.25
1005931;1;61.00
1006459;2;42.00
1007001;0;80.25
1007514;1;61.00
1008043;2;42.00
1008584;0;80.25
1009098;1;60.75
1009626;2;42.00
1010167;0;80.25
1010681;1;60.75
1011209;2;42.00
1011751;0;80.25
1012264;1;60.75
1012792;2;42.00
1013335;0;80.25
1013848;1;60.75
1014375;2;42.00
1014918;0;80.25
1015431;1;60.75
1015959;2;42.00
1016501;0;80.25
1017014;1;60.75
1017542;2;42.00
1018084;0;80.00
1018598;1;60.75
1019125;2;42.00
1019667;0;80.00
1020181;1;60.75
1020708;2;42.00
1021251;0;80.00
1021764;1;60.75
1022291;2;42.00
1022834;0;80.00
1023347;1;60.75
1023875;2;42.00
1024417;0;80.00
1024930;1;60.75
1025458;2;42.00
1026000;0;80.00
1026513;1;60.75
1027041;2;42.00
1027584;0;80.00
1028097;1;60.75
1028624;2;42.00
1029167;0;80.00
1029680;1;60.75
1030207;2;42.00
1030750;0;80.00
1031263;1;60.50
1031790;2;42.00
1032333;0;79.75
1032846;1;60.50
1033373;2;42.00
1033916;0;79.75
1034429;1;60.50
1034956;2;42.00
1035498;0;79.75
1036012;1;60.50
1036539;2;42.00
1037081;0;79.75
1037595;1;60.50
1038123;2;42.00
1038664;0;79.75
1039177;1;60.50
1039706;2;42.00
1040247;0;79.75
1040760;1;60.50
1041288;2;42.00
1041830;0;79.75
1042343;1;60.50
1042871;2;42.00
1043414;0;79.75
1043927;1;60.50
1044454;2;42.00
1044996;0;79.50
1045510;1;60.50
1046037;2;42.00
1046579;0;79.50
1047092;1;60.50
1047620;2;42.00
1048162;0;79.50
1048675;1;60.50
1049202;2;42.00
1049745;0;79.50
1050258;1;60.50
1050785;2;42.00
1051327;0;79.50
1051840;1;60.50
1052368;2;42.00
1052910;0;79.50
1053423;1;60.50
1053950;2;42.00
1054492;0;79.50
1055006;1;60.50
1055534;2;42.00
1056075;0;79.50
1056588;1;60.50
1057116;2;42.00
1057658;0;79.50
1058171;1;60.25
1058699;2;42.00
1059240;0;79.50
1059753;1;60.25
1060282;2;42.00
1060824;0;79.25
1061337;1;60.25
1061864;2;42.00
1062406;0;79.25
1062919;1;60.25
1063446;2;42.00
1063989;0;79.25
1064502;1;60.25
1065029;2;42.00
1065571;0;79.25
1066084;1;60.25
1066611;2;42.00
1067154;0;79.25
1067667;1;60.25
1068194;2;42.00
1068736;0;79.25
1069249;1;60.25
1069777;2;42.00
1070319;0;79.25
1070832;1;60.25
1071360;2;42.00
1071901;0;79.25
1072414;1;60.25
1072942;2;42.00
1073484;0;79.25
1073997;1;60.25
1074525;2;42.00
1075066;0;79.25
1075579;1;60.25
1076107;2;42.00
1076648;0;79.00
1077161;1;60.25
1077689;2;42.00
1078232;0;79.00
1078745;1;60.00
1079272;2;42.00
1079814;0;79.00
1080327;1;60.00
1080854;2;42.00
1081396;0;79.00
1081909;1;60.00
1082436;2;42.00
1082978;0;79.00
1083491;1;60.00
1084018;2;42.00
1084561;0;79.00
1085074;1;60.00
1085601;2;42.00
1086143;0;78.75
1086656;1;60.00
1087183;2;42.00
1087725;0;79.00
1088238;1;60.00
1088765;2;42.25
1089307;0;78.75
1089820;1;60.00
1090348;2;42.00
1090889;0;78.75
1091402;1;60.00
1091930;2;42.00
1092472;0;78.75
1092985;1;60.00
1093513;2;42.25
1094054;0;78.75
1094567;1;60.00
1095095;2;42.25
1095636;0;78.75
1096150;1;60.00
1096677;2;42.25
1097219;0;78.75
1097732;1;60.00
1098259;2;42.25
1098801;0;78.75
1099314;1;60.00
1099841;2;42.25
1100383;0;78.75
1100896;1;60.00
1101423;2;42.25
1101965;0;78.75
1102478;1;60.00
1103005;2;42.25
1103547;0;78.75
1104060;1;59.75
1104587;2;42.25
1105129;0;78.50
1105642;1;59.75
1106169;2;42.00
1106711;0;78.50
1107224;1;59.75
1107751;2;42.25
1108293;0;78.50
1108806;1;59.75
1109334;2;42.25
1109875;0;78.50
1110388;1;59.75
1110916;2;42.25
1111457;0;78.50
1111970;1;59.75
1112498;2;42.25
1113039;0;78.50
1113552;1;59.75
1114080;2;42.25
1114621;0;78.50
1115133;1;59.75
1115661;2;42.25
1116203;0;78.50
1116716;1;59.75
1117243;2;42.25
1117785;0;78.25
1118298;1;59.75
1118825;2;42.25
1119367;0;78.25
1119880;1;59.75
1120407;2;42.25
1120949;0;78.25
1121462;1;59.75
1121989;2;42.25
1122531;0;78.25
1123044;1;59.75
1123571;2;42.25
1124113;0;78.25
1124625;1;59.75
1125152;2;42.25
1125694;0;78.25
1126207;1;59.75
1126734;2;42.25
1127276;0;78.25
1127789;1;59.75
1128316;2;42.25
1128858;0;78.25
1129371;1;59.50
1129899;2;42.25
1130440;0;78.25
1130952;1;59.50
1131480;2;42.25
1132021;0;78.25
1132534;1;59.50
1133062;2;42.25
1133603;0;78.00
1134116;1;59.50
1134644;2;42.25
1135185;0;78.00
1135697;1;59.50
1136225;2;42.25
1136766;0;78.00
1137280;1;59.50
1137807;2;42.25
1138349;0;78.00
1138862;1;59.50
1139389;2;42.25
1139931;0;78.00
1140443;1;59.50
1140970;2;42.25
1141512;0;78.00
1142025;1;59.50
1142552;2;42.25
1143094;0;78.00
1143607;1;59.50
1144133;2;42.25
1144675;0;78.00
1145188;1;59.50
1145715;2;42.25
1146257;0;78.00
1146770;1;59.50
1147297;2;42.25
1147839;0;78.00
1148351;1;59.50
1148878;2;42.25
1149420;0;77.75
1149933;1;59.50
1150460;2;42.25
1151002;0;77.75
1151514;1;59.50
1152041;2;42.25
1152583;0;77.75
1153096;1;59.25
1153623;2;42.25
1154164;0;77.75
1154677;1;59.25
1155205;2;42.25
1155746;0;77.75
1156258;1;59.25
1156786;2;42.25
1157327;0;77.75
1157840;1;59.25
1158368;2;42.25
1158909;0;77.75
1159421;1;59.25
1159949;2;42.25
1160491;0;77.75
1161004;1;59.25
1161531;2;42.25
1162072;0;77.75
1162585;1;59.25
1163112;2;42.25
1163654;0;77.75
1164166;1;59.25
1164693;2;42.25
1165235;0;77.75
1165748;1;59.25
1166275;2;42.25
1166816;0;77.50
1167329;1;59.25
1167856;2;42.25
1168398;0;77.50
1168910;1;59.25
1169437;2;42.25
1169979;0;77.50
1170491;1;59.25
1171018;2;42.25
1171560;0;77.50
1172073;1;59.25
1172599;2;42.25
1173141;0;77.50
1173654;1;59.25
1174181;2;42.25
1174723;0;77.50
1175235;1;59.25
1175762;2;42.25
1176304;0;77.50
1176816;1;59.00
1177344;2;42.25
1177885;0;77.50
1178398;1;59.25
1178925;2;42.25
1179466;0;77.50
1179979;1;59.00
1180507;2;42.25
1181047;0;77.25
1181560;1;59.00
1182088;2;42.25
1182628;0;77.25
1183141;1;59.00
1183669;2;42.25
1184210;0;77.25
1184722;1;59.00
1185250;2;42.25
1185792;0;77.25
1186304;1;59.00
1186831;2;42.25
1187373;0;77.25
1187885;1;59.00
1188412;2;42.25
1188954;0;77.25
1189466;1;59.00
1189993;2;42.25
1190535;0;77.25
1191047;1;59.00
1191574;2;42.25
1192116;0;77.25
1192628;1;59.00
1193155;2;42.25
1193697;0;77.25
1194209;1;59.00
1194736;2;42.25
1195278;0;77.25
1195790;1;59.00
1196317;2;42.25
1196859;0;77.00
1197371;1;59.00
1197898;2;42.25
1198440;0;77.25
1198952;1;59.00
1199479;2;42.25
1200021;0;77.00
1200533;1;59.00
1201060;2;42.25
1201602;0;77.00
1202114;1;59.00
1202641;2;42.25
1203182;0;77.00
1203695;1;58.75
1204221;2;42.25
1204763;0;77.00
1205276;1;58.75
1205803;2;42.25
1206344;0;77.00
1206856;1;58.75
1207384;2;42.25
1207925;0;77.00
1208437;1;58.75
1208965;2;42.25
1209506;0;77.00
1210018;1;58.75
1210546;2;42.25
1211086;0;77.00
1211599;1;58.75
1212126;2;42.25
1212667;0;77.00
1213180;1;58.75
1213707;2;42.25
1214248;0;77.00
1214760;1;58.75
1215288;2;42.25
1215830;0;76.75
1216342;1;58.75
1216869;2;42.25
1217410;0;76.75
1217923;1;58.75
1218449;2;42.25
1218991;0;76.75
1219504;1;58.75
1220030;2;42.25
1220572;0;76.75
1221084;1;58.75
1221611;2;42.25
1222153;0;76.75
1222665;1;58.75
1223192;2;42.25
1223733;0;76.75
1224246;1;58.75
1224772;2;42.25
1225314;0;76.75
1225826;1;58.75
1226353;2;42.25
1226894;0;76.75
1227407;1;58.75
1227933;2;42.25
1228475;0;76.50
1228987;1;58.75
1229514;2;42.25
1230056;0;76.50
1230568;1;58.50
1231095;2;42.25
1231636;0;76.50
1232149;1;58.50
1232675;2;42.25
1233217;0;76.50
1233729;1;58.50
1234256;2;42.25
1234797;0;76.50
1235310;1;58.50
1235836;2;42.25
1236378;0;76.50
1236890;1;58.50
1237416;2;42.25
1237958;0;76.50
1238470;1;58.50
1238998;2;42.25
1239538;0;76.50
1240051;1;58.50
1240578;2;42.25
1241119;0;76.50
1241631;1;58.50
1242159;2;42.25
1242699;0;76.50
1243212;1;58.50
1243739;2;42.25
1244280;0;76.50
1244792;1;58.50
1245319;2;42.25
1245860;0;76.25
1246372;1;58.50
1246900;2;42.25
1247440;0;76.25
1247952;1;58.50
1248480;2;42.25
1249020;0;76.25
1249533;1;58.50
1250060;2;42.25
1250601;0;76.25
1251113;1;58.50
1251640;2;42.25
1252182;0;76.25
1252694;1;58.50
1253220;2;42.25
1253762;0;76.25
1254274;1;58.25
1254801;2;42.25
1255342;0;76.25
1255854;1;58.25
1256381;2;42.25
1256922;0;76.25
1257435;1;58.25
1257961;2;42.25
1258502;0;76.25
1259015;1;58.25
1259541;2;42.25
1260083;0;76.00
1260595;1;58.25
1261121;2;42.25
1261663;0;76.25
1262175;1;58.25
1262702;2;42.25
1263243;0;76.25
1263755;1;58.25
1264282;2;42.25
1264823;0;76.00
1265335;1;58.25
1265862;2;42.25
1266403;0;76.00
1266916;1;58.25
1267442;2;42.25
1267983;0;76.00
1268496;1;58.25
1269022;2;42.25
1269563;0;76.00
1270076;1;58.25
1270602;2;42.25
1271143;0;76.00
1271656;1;58.25
1272182;2;42.25
1272723;0;76.00
1273235;1;58.25
1273762;2;42.25
1274303;0;76.00
1274815;1;58.25
1275342;2;42.25
1275883;0;75.75
1276395;1;58.00
1276922;2;42.25
1277463;0;75.75
1277975;1;58.00
1278502;2;42.25
1279043;0;75.75
1279555;1;58.00
1280081;2;42.25
1280623;0;75.75
1281135;1;58.00
1281661;2;42.25
1282203;0;75.75
1282715;1;58.00
1283241;2;42.25
1283782;0;75.75
1284295;1;58.00
1284822;2;42.25
1285362;0;75.75
1285874;1;58.00
1286402;2;42.25
1286942;0;75.75
1287454;1;58.00
1287981;2;42.25
1288522;0;75.75
1289034;1;58.00
1289561;2;42.25
1290102;0;75.75
1290614;1;58.00
1291141;2;42.25
1291681;0;75.75
1292194;1;58.00
1292721;2;42.25
1293261;0;75.75
1293773;1;58.00
1294301;2;42.25
1294841;0;75.50
1295353;1;58.00
1295880;2;42.25
1296421;0;75.50
1296933;1;57.75
1297460;2;42.25
1298000;0;75.50
1298512;1;57.75
1299040;2;42.25
1299580;0;75.50
1300092;1;57.75
1300619;2;42.25
1301160;0;75.50
1301672;1;57.75
1302199;2;42.25
1302739;0;75.50
1303251;1;57.75
1303778;2;42.25
1304320;0;75.50
1304832;1;57.75
1305358;2;42.25
1305899;0;75.50
1306412;1;57.75
1306938;2;42.25
1307479;0;75.50
1307991;1;57.75
1308517;2;42.25
1309059;0;75.25
1309571;1;57.75
1310097;2;42.25
1310638;0;75.25
1311150;1;57.75
1311677;2;42.25
1312218;0;75.25
1312730;1;57.75
1313256;2;42.25
1313797;0;75.25
1314309;1;57.75
1314835;2;42.25
1315377;0;75.25
1315889;1;57.75
1316415;2;42.25
1316956;0;75.25
1317468;1;57.75
1317994;2;42.25
1318535;0;75.25
1319047;1;57.75
1319573;2;42.25
1320115;0;75.25
1320627;1;57.75
1321153;2;42.25
1321694;0;75.25
1322206;1;57.50
1322732;2;42.25
1323273;0;75.25
1323785;1;57.50
1324311;2;42.00
1324852;0;75.25
1325364;1;57.50
1325890;2;42.25
1326431;0;75.25
1326943;1;57.50
1327470;2;42.25
1328011;0;75.25
1328523;1;57.50
1329049;2;42.25
1329590;0;75.00
1330102;1;57.50
1330628;2;42.25
1331169;0;75.00
1331681;1;57.50
1332207;2;42.00
1332748;0;75.00
1333260;1;57.50
1333786;2;42.00
1334328;0;75.00
1334840;1;57.50
1335366;2;42.00
1335907;0;75.00
1336419;1;57.50
1336945;2;42.00
1337486;0;75.00
1337998;1;57.50
1338524;2;42.00
1339065;0;75.00
1339577;1;57.50
1340103;2;42.00
1340644;0;75.00
1341156;1;57.50
1341682;2;42.25
1342223;0;75.00
1342735;1;57.50
1343261;2;42.00
1343802;0;75.00
1344314;1;57.50
1344840;2;42.00
1345381;0;75.00
1345893;1;57.25
1346419;2;42.00
1346960;0;74.75
1347472;1;57.25
1347998;2;42.00
1348539;0;74.75
1349050;1;57.25
1349576;2;42.00
1350118;0;74.75
1350629;1;57.25
1351155;2;42.00
1351696;0;74.75
1352208;1;57.25
1352734;2;42.00
1353275;0;74.75
1353787;1;57.25
1354313;2;42.00
1354854;0;74.75
1355366;1;57.25
1355892;2;42.00
1356433;0;74.75
1356945;1;57.25
1357471;2;42.00
1358012;0;74.75
1358524;1;57.25
1359050;2;42.00
1359591;0;74.75
1360102;1;57.25
1360628;2;42.00
1361169;0;74.75
1361681;1;57.25
1362207;2;42.00
1362748;0;74.75
1363260;1;57.25
1363786;2;42.00
1364327;0;74.50
1364839;1;57.25
1365365;2;42.00
1365906;0;74.50
1366418;1;57.25
1366944;2;42.00
1367485;0;74.50
1367997;1;57.00
1368522;2;42.00
1369063;0;74.50
1369575;1;57.25
1370101;2;42.00
1370642;0;74.50
1371154;1;57.00
1371680;2;42.00
1372221;0;74.50
1372733;1;57.00
1373258;2;42.00
1373799;0;74.50
1374311;1;57.00
1374837;2;42.00
1375378;0;74.50
1375890;1;57.00
1376416;2;42.00
1376957;0;74.50
1377468;1;57.00
1377994;2;42.00
1378535;0;74.50
1379047;1;57.00
1379573;2;42.00
1380114;0;74.25
1380626;1;57.00
1381152;2;42.00
1381692;0;74.25
1382204;1;57.00
1382730;2;42.00
1383271;0;74.25
1383783;1;57.00
1384309;2;42.00
1384849;0;74.25
1385361;1;57.00
1385887;2;42.00
1386428;0;74.25
1386940;1;57.00
1387465;2;42.00
1388006;0;74.25
1388518;1;57.00
1389044;2;42.00
1389585;0;74.25
1390097;1;57.00
1390622;2;42.00
1391163;0;74.25
1391675;1;57.00
1392201;2;42.00
1392742;0;74.25
1393253;1;57.00
1393779;2;42.00
1394320;0;74.25
1394832;1;57.00
1395358;2;42.00
1395899;0;74.25
1396410;1;56.75
1396936;2;42.00
1397477;0;74.25
1397989;1;56.75
1398514;2;42.00
1399055;0;74.25
1399567;1;56.75
1400093;2;42.00
1400633;0;74.00
1401145;1;56.75
1401671;2;42.00
1402212;0;74.00
1402723;1;56.75
1403249;2;42.00
1403790;0;74.00
1404302;1;56.75
1404827;2;42.00
1405368;0;74.00
1405880;1;56.75
1406406;2;42.00
1406946;0;74.00
1407458;1;56.75
1407984;2;42.00
1408525;0;74.00
1409036;1;56.75
1409562;2;42.00
1410103;0;74.00
1410615;1;56.75
1411140;2;42.00
1411681;0;73.75
1412193;1;56.75
1412718;2;42.00
1413259;0;74.00
1413771;1;56.75
1414297;2;42.00
1414837;0;73.75
1415349;1;56.75
1415875;2;42.00
1416416;0;73.75
1416927;1;56.75
1417453;2;42.00
1417994;0;73.75
1418506;1;56.75
1419031;2;42.00
1419572;0;73.75
1420084;1;56.75
1420609;2;42.00
1421150;0;73.75
1421662;1;56.75
1422187;2;42.00
1422728;0;73.75
1423240;1;56.75
1423766;2;42.00
1424306;0;73.75
1424818;1;56.50
1425344;2;42.00
1425344;P;80
1425884;0;73.75
1426396;1;56.50
1426922;2;42.00
1427462;0;73.75
1427974;1;56.50
1428500;2;42.00
1429040;0;73.75
1429552;1;56.50
1430078;2;42.00
1430618;0;73.75
1431130;1;56.50
1431656;2;42.00
1432196;0;73.75
1432708;1;56.50
1433234;2;42.00
1433774;0;73.50
1434286;1;56.50
1434812;2;42.00
1435352;0;73.50
1435864;1;56.50
1436389;2;42.00
1436930;0;73.50
1437442;1;56.50
1437967;2;42.00
1438508;0;73.50
1439019;1;56.50
1439545;2;42.00
1440086;0;73.50
1440596;1;56.50
1441123;2;42.00
1441664;0;73.50
1442174;1;56.50
1442701;2;42.00
1443240;0;73.50
1443752;1;56.50
1444279;2;42.00
1444818;0;73.50
1445330;1;56.25
1445856;2;42.00
1446396;0;73.50
1446908;1;56.25
1447434;2;42.00
1447974;0;73.50
1448485;1;56.25
1449012;2;42.00
1449552;0;73.25
1450063;1;56.25
1450590;2;42.00
1451130;0;73.25
1451641;1;56.25
1452168;2;42.00
1452707;0;73.25
1453219;1;56.25
1453745;2;42.00
1454285;0;73.25
1454796;1;56.25
1455323;2;42.00
1455863;0;73.25
1456374;1;56.25
1456901;2;42.00
1457440;0;73.25
1457952;1;56.25
1458478;2;42.00
1459018;0;73.25
1459530;1;56.25
1460056;2;42.00
1460596;0;73.25
1461107;1;56.25
1461634;2;42.00
1462173;0;73.25
1462685;1;56.25
1463211;2;42.00
1463751;0;73.25
1464262;1;56.25
1464788;2;42.00
1465329;0;73.25
1465840;1;56.25
1466366;2;42.00
1466906;0;73.25
1467418;1;56.25
1467943;2;42.00
1468484;0;73.25
1468995;1;56.00
1469521;2;41.75
1470061;0;73.25
1470573;1;56.00
1471098;2;42.00
1471639;0;73.25
1472150;1;56.00
1472676;2;42.00
1473216;0;73.00
1473728;1;56.00
1474253;2;42.00
1474794;0;73.00
1475305;1;56.00
1475831;2;42.00
1476371;0;73.00
1476883;1;56.00
1477408;2;42.00
1477949;0;73.00
1478460;1;56.00
1478986;2;42.00
1479526;0;73.00
1480038;1;56.00
1480563;2;42.00
1481104;0;73.00
1481615;1;56.00
1482140;2;41.75
1482681;0;73.00
1483192;1;56.00
1483718;2;42.00
1484259;0;73.00
1484770;1;56.00
1485295;2;42.00
1485836;0;73.00
1486347;1;56.00
1486873;2;42.00
1487413;0;72.75
1487925;1;56.00
1488450;2;41.75
1488991;0;72.75
1489502;1;56.00
1490028;2;41.75
1490568;0;72.75
1491080;1;56.00
1491605;2;41.75
1492146;0;72.75
1492657;1;55.75
1493182;2;41.75
1493723;0;72.75
1494234;1;56.00
1494760;2;41.75
1495300;0;72.75
1495812;1;55.75
1496337;2;41.75
1496878;0;72.75
1497389;1;55.75
1497914;2;41.75
1498455;0;72.75
1498966;1;55.75
1499492;2;41.75
1500032;0;72.75
1500542;1;55.75
1501069;2;41.75
1501608;0;72.75
1502120;1;55.75
1502646;2;41.75
1503186;0;72.75
1503697;1;55.75
1504223;2;41.75
1504763;0;72.75
1505274;1;55.75
1505801;2;41.75
1506340;0;72.75
1506851;1;55.75
1507378;2;41.75
1507917;0;72.50
1508428;1;55.75
1508955;2;41.75
1509494;0;72.50
1510006;1;55.75
1510532;2;41.75
1511071;0;72.50
1511583;1;55.75
1512109;2;41.75
1512648;0;72.50
1513160;1;55.75
1513686;2;41.75
1514226;0;72.50
1514737;1;55.75
1515262;2;41.75
1515803;0;72.50
1516314;1;55.75
1516839;2;41.75
1517380;0;72.50
1517891;1;55.75
1518416;2;41.75
1518957;0;72.50
1519468;1;55.75
1519993;2;41.75
1520534;0;72.50
1521045;1;55.75
1521570;2;41.75
1522111;0;72.25
1522622;1;55.50
1523147;2;41.75
1523688;0;72.25
1524199;1;55.50
1524724;2;41.75
1525265;0;72.25
1525776;1;55.50
1526301;2;41.75
1526841;0;72.25
1527353;1;55.50
1527878;2;41.75
1528418;0;72.25
1528930;1;55.50
1529455;2;41.75
1529995;0;72.25
1530506;1;55.50
1531032;2;41.75
1531572;0;72.25
1532083;1;55.50
1532608;2;41.75
1533149;0;72.25
1533660;1;55.50
1534185;2;41.75
1534726;0;72.25
1535237;1;55.50
1535762;2;41.75
1536303;0;72.25
1536814;1;55.50
1537339;2;41.75
1537879;0;72.25
1538391;1;55.50
1538916;2;41.75
1539456;0;72.25
1539966;1;55.50
1540492;2;41.75
1541032;0;72.00
1541543;1;55.50
1542069;2;41.75
1542608;0;72.00
1543120;1;55.50
1543646;2;41.75
1544185;0;72.25
1544696;1;55.50
1545222;2;41.75
1545762;0;72.00
1546273;1;55.50
1546799;2;41.75
1547338;0;72.00
1547850;1;55.50
1548376;2;41.75
1548915;0;72.00
1549426;1;55.25
1549952;2;41.75
1550492;0;72.00
1551003;1;55.25
1551528;2;41.75
1552068;0;72.00
1552579;1;55.25
1553105;2;41.75
1553645;0;72.00
1554156;1;55.25
1554681;2;41.75
1555222;0;72.00
1555733;1;55.25
1556258;2;41.75
1556798;0;72.00
1557309;1;55.25
1557835;2;41.75
1558375;0;72.00
1558886;1;55.25
1559411;2;41.75
1559952;0;72.00
1560463;1;55.25
1560988;2;41.75
1561528;0;72.00
1562039;1;55.25
1562565;2;41.75
1563105;0;72.00
1563616;1;55.25
1564141;2;41.75
1564681;0;72.00
1565192;1;55.25
1565717;2;41.75
1566258;0;71.75
1566769;1;55.25
1567294;2;41.75
1567834;0;71.75
1568345;1;55.25
1568870;2;41.75
1569410;0;71.75
1569921;1;55.25
1570447;2;41.75
1570987;0;71.75
1571497;1;55.25
1572023;2;41.75
1572562;0;71.75
1573073;1;55.25
1573599;2;41.75
1574138;0;71.75
1574650;1;55.25
1575176;2;41.75
1575715;0;71.75
1576226;1;55.25
1576752;2;41.75
1577291;0;71.75
1577802;1;55.25
1578328;2;41.75
1578867;0;71.75
1579378;1;55.00
1579905;2;41.75
1580444;0;71.75
1580955;1;55.00
1581480;2;41.50
1582020;0;71.75
1582531;1;55.00
1583056;2;41.50
1583597;0;71.75
1584108;1;55.00
1584633;2;41.50
1585173;0;71.50
1585684;1;55.00
1586209;2;41.75
1586749;0;71.50
1587260;1;55.00
1587786;2;41.50
1588326;0;71.50
1588837;1;55.00
1589362;2;41.50
1589902;0;71.50
1590413;1;55.00
1590938;2;41.50
1591478;0;71.50
1591989;1;55.00
1592514;2;41.50
1593055;0;71.50
1593566;1;55.00
1594091;2;41.50
1594631;0;71.50
1595142;1;55.00
1595667;2;41.50
1596207;0;71.50
1596718;1;55.00
1597243;2;41.50
1597783;0;71.50
1598294;1;55.00
1598819;2;41.50
1599360;0;71.50
1599870;1;55.00
1600396;2;41.50
1600935;0;71.25
1601446;1;55.00
1601972;2;41.50
1602511;0;71.25
1603022;1;55.00
1603548;2;41.50
1604087;0;71.25
1604598;1;55.00
1605124;2;41.50
1605663;0;71.25
1606174;1;55.00
1606700;2;41.50
1607240;0;71.25
1607750;1;55.00
1608275;2;41.50
1608816;0;71.25
1609327;1;55.00
1609852;2;41.50
1610392;0;71.25
1610903;1;55.00
1611428;2;41.50
1611968;0;71.25
1612479;1;54.75
1613004;2;41.50
1613544;0;71.25
1614055;1;54.75
1614580;2;41.50
1615120;0;71.25
1615631;1;54.75
1616156;2;41.50
1616696;0;71.25
1617207;1;54.75
1617732;2;41.50
1618272;0;71.25
1618783;1;54.75
1619308;2;41.50
1619848;0;71.25
1620359;1;54.75
1620884;2;41.50
1621424;0;71.00
1621935;1;54.75
1622460;2;41.50
1623000;0;71.00
1623511;1;54.75
1624035;2;41.50
1624576;0;71.00
1625085;1;54.75
1625611;2;41.50
1626150;0;71.00
1626661;1;54.75
1627187;2;41.50
1627726;0;71.00
1628237;1;54.75
1628763;2;41.50
1629302;0;71.00
1629813;1;54.75
1630339;2;41.50
1630878;0;71.00
1631389;1;54.75
1631915;2;41.50
1632454;0;71.00
1632965;1;54.75
1633490;2;41.50
1634030;0;71.00
1634541;1;54.50
1635066;2;41.50
1635606;0;71.00
1636116;1;54.50
1636641;2;41.50
1637181;0;71.00
1637692;1;54.50
1638217;2;41.50
1638757;0;71.00
1639268;1;54.50
1639793;2;41.50
1640333;0;70.75
1640844;1;54.50
1641369;2;41.50
1641909;0;71.00
1642420;1;54.50
1642945;2;41.50
1643485;0;70.75
1643996;1;54.50
1644521;2;41.50
1645061;0;70.75
1645572;1;54.50
1646097;2;41.50
1646637;0;70.75
1647147;1;54.50
1647672;2;41.50
1648211;0;70.75
1648722;1;54.50
1649248;2;41.50
1649787;0;70.75
1650298;1;54.50
1650824;2;41.50
1651363;0;70.75
1651874;1;54.50
1652400;2;41.50
1652939;0;70.75
1653450;1;54.50
1653975;2;41.50
1654514;0;70.75
1655025;1;54.50
1655550;2;41.50
1656090;0;70.75
1656601;1;54.50
1657126;2;41.50
1657666;0;70.75
1658177;1;54.50
1658701;2;41.50
1659241;0;70.75
1659752;1;54.50
1660277;2;41.25
1660817;0;70.75
1661328;1;54.50
1661853;2;41.25
1662393;0;70.50
1662904;1;54.50
1663428;2;41.25
1663968;0;70.50
1664479;1;54.50
1665004;2;41.25
1665544;0;70.50
1666055;1;54.50
1666580;2;41.25
1667120;0;70.50
1667630;1;54.50
1668155;2;41.25
1668695;0;70.50
1669206;1;54.25
1669731;2;41.25
1670270;0;70.50
1670780;1;54.25
1671306;2;41.25
1671845;0;70.50
1672356;1;54.25
1672882;2;41.25
1673421;0;70.50
1673931;1;54.25
1674457;2;41.25
1674996;0;70.50
1675507;1;54.25
1676033;2;41.25
1676572;0;70.50
1677082;1;54.25
1677607;2;41.25
1678147;0;70.50
1678658;1;54.25
1679183;2;41.25
1679723;0;70.50
1680233;1;54.25
1680758;2;41.25
1681298;0;70.50
1681809;1;54.25
1682334;2;41.25
1682873;0;70.50
1683384;1;54.25
1683909;2;41.25
1684449;0;70.25
1684960;1;54.25
1685484;2;41.25
1686024;0;70.25
1686535;1;54.25
1687060;2;41.25
1687600;0;70.25
1688110;1;54.25
1688635;2;41.25
1689175;0;70.25
1689686;1;54.25
1690210;2;41.25
1690749;0;70.25
1691260;1;54.25
1691786;2;41.25
1692325;0;70.25
1692835;1;54.25
1693361;2;41.25
1693900;0;70.25
1694411;1;54.25
1694936;2;41.25
1695475;0;70.25
1695986;1;54.25
1696512;2;41.25
1697050;0;70.25
1697561;1;54.25
1698086;2;41.25
1698626;0;70.25
1699136;1;54.00
1699661;2;41.25
1700201;0;70.00
1700712;1;54.00
1701236;2;41.25
1701776;0;70.00
1702287;1;54.00
1702812;2;41.25
1703351;0;70.00
1703862;1;54.00
1704387;2;41.25
1704927;0;70.00
1705437;1;54.00
1705962;2;41.25
1706502;0;70.00
1707013;1;54.00
1707537;2;41.25
1708077;0;70.00
1708588;1;54.00
1709113;2;41.25
1709651;0;70.00
1710162;1;54.00
1710688;2;41.25
1711227;0;70.00
1711737;1;54.00
1712263;2;41.25
1712802;0;70.00
1713312;1;54.00
1713838;2;41.25
1714377;0;70.00
1714888;1;54.00
1715412;2;41.25
1715952;0;70.00
1716463;1;54.00
1716987;2;41.25
1717527;0;70.00
1718038;1;54.00
1718563;2;41.25
1719103;0;70.00
1719613;1;54.00
1720138;2;41.25
1720678;0;70.00
1721188;1;54.00
1721713;2;41.25
1722253;0;70.00
1722763;1;54.00
1723288;2;41.25
1723828;0;69.75
1724338;1;54.00
1724863;2;41.25
1725403;0;69.75
1725913;1;53.75
1726438;2;41.25
1726978;0;69.75
1727488;1;53.75
1728013;2;41.25
1728552;0;69.75
1729063;1;53.75
1729588;2;41.25
1730127;0;69.75
1730638;1;53.75
1731163;2;41.25
1731702;0;69.75
1732213;1;53.75
1732738;2;41.25
1733277;0;69.75
1733788;1;53.75
1734312;2;41.25
1734852;0;69.75
1735363;1;53.75
1735887;2;41.25
1736427;0;69.75
1736938;1;53.75
1737462;2;41.25
1738002;0;69.75
1738513;1;53.75
1739037;2;41.25
1739577;0;69.75
1740087;1;53.75
1740612;2;41.25
1741152;0;69.75
1741662;1;53.75
1742187;2;41.25
1742727;0;69.50
1743237;1;53.75
1743762;2;41.25
1744302;0;69.50
1744812;1;53.75
1745337;2;41.25
1745875;0;69.50
1746386;1;53.75
1746912;2;41.00
1747450;0;69.50
1747961;1;53.75
1748486;2;41.00
1749025;0;69.50
1749536;1;53.75
1750061;2;41.00
1750600;0;69.50
1751111;1;53.75
1751635;2;41.00
1752175;0;69.50
1752685;1;53.50
1753210;2;41.00
1753750;0;69.50
1754260;1;53.50
1754785;2;41.00
1755325;0;69.50
1755835;1;53.50
1756360;2;41.00
1756900;0;69.50
1757410;1;53.50
1757935;2;41.25
1758474;0;69.50
1758985;1;53.50
1759510;2;41.00
1760049;0;69.50
1760560;1;53.50
1761084;2;41.00
1761624;0;69.25
1762134;1;53.50
1762659;2;41.00
1763198;0;69.25
1763708;1;53.50
1764234;2;41.00
1764772;0;69.25
1765283;1;53.50
1765808;2;41.00
1766347;0;69.25
1766857;1;53.50
1767383;2;41.00
1767922;0;69.25
1768432;1;53.50
1768957;2;41.00
1769496;0;69.25
1770007;1;53.50
1770531;2;41.00
1771071;0;69.25
1771581;1;53.50
1772106;2;41.00
1772646;0;69.25
1773156;1;53.50
1773681;2;41.00
1774220;0;69.25
1774731;1;53.50
1775255;2;41.00
1775795;0;69.25
1776305;1;53.50
1776830;2;41.00
1777370;0;69.25
1777880;1;53.50
1778404;2;41.00
1778944;0;69.25
1779453;1;53.50
1779979;2;41.00
1780518;0;69.25
1781028;1;53.50
1781553;2;41.00
1782092;0;69.00
1782602;1;53.50
1783128;2;41.00
1783667;0;69.00
1784177;1;53.50
1784701;2;41.00
1785241;0;69.00
1785751;1;53.25
1786276;2;41.00
1786815;0;69.00
1787326;1;53.50
1787850;2;41.00
1788390;0;69.00
1788900;1;53.25
1789425;2;41.00
1789964;0;69.00
1790475;1;53.25
1790999;2;41.00
1791539;0;69.00
1792049;1;53.25
1792574;2;41.00
1793113;0;69.00
1793624;1;53.25
1794148;2;41.00
1794688;0;69.00
1795197;1;53.25
1795723;2;41.00
1796261;0;69.00
1796772;1;53.25
1797297;2;41.00
1797836;0;69.00
1798346;1;53.25
1798872;2;41.00
1799410;0;69.00
1799920;1;53.25
1800445;2;41.00
1800984;0;69.00
1801495;1;53.25
1802019;2;41.00
1802559;0;69.00
1803069;1;53.25
1803593;2;41.00
1804133;0;68.75
1804643;1;53.25
1805168;2;41.00
1805707;0;69.00
1806218;1;53.25
1806742;2;41.00
1807282;0;68.75
1807792;1;53.25
1808316;2;41.00
1808856;0;68.75
1809366;1;53.25
1809891;2;40.75
1810429;0;68.75
1810939;1;53.25
1811465;2;41.00
1812003;0;68.75
1812514;1;53.25
1813039;2;41.00
1813578;0;68.75
1814088;1;53.25
1814612;2;41.00
1815152;0;68.75
1815662;1;53.25
1816187;2;40.75
1816726;0;68.75
1817237;1;53.25
1817761;2;40.75
1818300;0;68.75
1818811;1;53.00
1819335;2;40.75
1819875;0;68.75
1820385;1;53.00
1820909;2;40.75
1821449;0;68.75
1821959;1;53.00
1822483;2;40.75
1823023;0;68.75
1823533;1;53.00
1824057;2;40.75
1824596;0;68.75
1825106;1;53.00
1825631;2;40.75
1826170;0;68.75
1826680;1;53.00
1827205;2;40.75
1827744;0;68.50
1828254;1;53.00
1828779;2;40.75
1829318;0;68.50
1829828;1;53.00
1830353;2;40.75
1830892;0;68.50
1831402;1;53.00
1831927;2;40.75
1832466;0;68.50
1832976;1;53.00
1833501;2;40.75
1834040;0;68.50
1834550;1;53.00
1835075;2;40.75
1835614;0;68.50
1836125;1;53.00
1836649;2;40.75
1837188;0;68.50
1837699;1;53.00
1838223;2;40.75
1838761;0;68.50
1839272;1;53.00
1839797;2;40.75
1840335;0;68.50
1840846;1;53.00
1841371;2;40.75
1841910;0;68.50
1842420;1;53.00
1842945;2;40.75
1843484;0;68.50
1843994;1;53.00
1844518;2;40.75
1845058;0;68.50
1845568;1;53.00
1846092;2;40.75
1846632;0;68.50
1847142;1;53.00
1847666;2;40.75
1848205;0;68.25
1848716;1;53.00
1849240;2;40.75
1849779;0;68.50
1850289;1;53.00
1850814;2;40.75
1851353;0;68.25
1851863;1;52.75
1852388;2;40.75
1852926;0;68.25
1853436;1;52.75
1853961;2;40.75
1854500;0;68.25
1855010;1;52.75
1855535;2;40.75
1856074;0;68.25
1856584;1;52.75
1857108;2;40.75
1857647;0;68.25
1858158;1;52.75
1858682;2;40.75
1859221;0;68.25
1859731;1;52.75
1860256;2;40.75
1860795;0;68.25
1861305;1;52.75
1861829;2;40.75
1862369;0;68.25
1862879;1;52.75
1863403;2;40.75
1863942;0;68.25
1864452;1;52.75
1864977;2;40.75
1865516;0;68.25
1866025;1;52.75
1866550;2;40.75
1867089;0;68.25
1867599;1;52.75
1868124;2;40.75
1868662;0;68.00
1869173;1;52.75
1869698;2;40.75
1870236;0;68.00
1870746;1;52.75
1871270;2;40.75
1871810;0;68.00
1872320;1;52.75
1872844;2;40.75
1873383;0;68.00
1873894;1;52.75
1874418;2;40.75
1874957;0;68.00
1875467;1;52.75
1875992;2;40.75
1876531;0;68.00
1877041;1;52.75
1877565;2;40.75
1878105;0;68.00
1878615;1;52.75
1879139;2;40.75
1879677;0;68.00
1880187;1;52.75
1880712;2;40.75
1881251;0;68.00
1881761;1;52.75
1882286;2;40.75
1882824;0;68.00
1883334;1;52.50
1883859;2;40.75
1884398;0;68.00
1884908;1;52.75
1885432;2;40.75
1885971;0;68.00
1886481;1;52.50
1887006;2;40.75
1887545;0;68.00
1888055;1;52.50
1888579;2;40.75
1889118;0;68.00
1889628;1;52.50
1890152;2;40.50
1890692;0;67.75
1891202;1;52.50
1891726;2;40.50
1892264;0;68.00
1892774;1;52.50
1893299;2;40.50
1893838;0;68.00
1894348;1;52.50
1894873;2;40.50
1895411;0;67.75
1895921;1;52.50
1896445;2;40.50
1896985;0;67.75
1897495;1;52.50
1898019;2;40.50
1898558;0;67.75
1899068;1;52.50
1899592;2;40.50
1900132;0;67.75
1900642;1;52.50
1901166;2;40.50
1901705;0;67.75
1902215;1;52.50
1902739;2;40.50
1903278;0;67.75
1903788;1;52.50
1904312;2;40.50
1904851;0;67.75
1905361;1;52.50
1905886;2;40.50
1906424;0;67.75
1906934;1;52.50
1907459;2;40.50
1907997;0;67.75
1908507;1;52.50
1909031;2;40.50
1909570;0;67.75
1910080;1;52.50
1910605;2;40.50
1911144;0;67.75
1911654;1;52.50
1912178;2;40.50
1912717;0;67.50
1913227;1;52.50
1913751;2;40.50
1914290;0;67.50
1914800;1;52.50
1915324;2;40.50
1915864;0;67.50
1916374;1;52.25
1916898;2;40.50
1917436;0;67.50
1917946;1;52.25
1918471;2;40.50
1919009;0;67.50
1919519;1;52.25
1920044;2;40.50
1920582;0;67.50
1921092;1;52.25
1921616;2;40.50
1922156;0;67.50
1922666;1;52.25
1923190;2;40.50
1923729;0;67.50
1924239;1;52.25
1924763;2;40.50
1925302;0;67.50
1925812;1;52.25
1926336;2;40.50
1926875;0;67.50
1927385;1;52.25
1927909;2;40.50
1928448;0;67.50
1928957;1;52.25
1929482;2;40.50
1930020;0;67.50
1930530;1;52.25
1931055;2;40.50
1931593;0;67.50
1932103;1;52.25
1932627;2;40.50
1933167;0;67.50
1933677;1;52.25
1934201;2;40.50
1934740;0;67.50
1935250;1;52.25
1935774;2;40.50
1936313;0;67.50
1936823;1;52.25
1937347;2;40.50
1937886;0;67.50
1938396;1;52.25
1938920;2;40.50
1939459;0;67.25
1939969;1;52.25
1940493;2;40.50
1941031;0;67.25
1941540;1;52.25
1942065;2;40.50
1942604;0;67.25
1943114;1;52.00
1943639;2;40.50
1944177;0;67.25
1944687;1;52.00
1945211;2;40.50
1945750;0;67.25
1946260;1;52.00
1946783;2;40.50
1947323;0;67.25
1947832;1;52.00
1948356;2;40.50
1948896;0;67.25
1949405;1;52.00
1949929;2;40.50
1950468;0;67.25
1950978;1;52.00
1951502;2;40.50
1952040;0;67.25
1952550;1;52.00
1953075;2;40.50
1953613;0;67.25
1954123;1;52.00
1954648;2;40.50
1955186;0;67.25
1955696;1;52.00
1956220;2;40.50
1956759;0;67.25
1957269;1;52.00
1957793;2;40.50
1958332;0;67.00
1958842;1;52.00
1959366;2;40.25
1959905;0;67.25
1960414;1;52.00
1960938;2;40.25
1961477;0;67.00
1961987;1;52.00
1962511;2;40.25
1963049;0;67.00
1963559;1;52.00
1964084;2;40.50
1964622;0;67.00
1965132;1;52.00
1965657;2;40.50
1966195;0;67.00
1966704;1;52.00
1967228;2;40.25
1967767;0;67.00
1968277;1;52.00
1968801;2;40.25
1969340;0;67.00
1969850;1;52.00
1970374;2;40.25
1970913;0;67.00
1971422;1;52.00
1971946;2;40.25
1972485;0;67.00
1972995;1;51.75
1973519;2;40.25
1974057;0;67.00
1974567;1;51.75
1975092;2;40.25
1975630;0;67.00
1976139;1;51.75
1976664;2;40.25
1977202;0;67.00
1977712;1;51.75
1978236;2;40.25
1978775;0;67.00
1979285;1;51.75
1979809;2;40.25
1980348;0;67.00
1980857;1;51.75
1981381;2;40.25
1981920;0;67.00
1982430;1;51.75
1982954;2;40.25
1983493;0;66.75
1984003;1;51.75
1984526;2;40.25
1985064;0;66.75
1985574;1;51.75
1986099;2;40.25
1986637;0;66.75
1987147;1;51.75
1987672;2;40.25
1988210;0;66.75
1988719;1;51.75
1989243;2;40.25
1989782;0;66.75
1990292;1;51.75
1990816;2;40.25
1991355;0;66.75
1991864;1;51.75
1992388;2;40.25
1992927;0;66.75
1993437;1;51.75
1993961;2;40.25
1994499;0;66.75
1995009;1;51.75
1995533;2;40.25
1996071;0;66.75
1996581;1;51.75
1997106;2;40.25
1997643;0;66.75
1998153;1;51.75
1998678;2;40.25
1999216;0;66.75
1999726;1;51.75
2000250;2;40.25
2000788;0;66.75
2001298;1;51.75
2001822;2;40.25
2002361;0;66.75
2002871;1;51.75
2003394;2;40.25
2003933;0;66.75
2004443;1;51.75
2004967;2;40.25
2005506;0;66.75
2006014;1;51.75
2006539;2;40.25
2007077;0;66.50
2007587;1;51.75
2008112;2;40.25
2008649;0;66.50
2009159;1;51.75
2009683;2;40.25
2010222;0;66.50
2010731;1;51.50
2011255;2;40.25
2011794;0;66.50
2012304;1;51.50
2012827;2;40.25
2013366;0;66.50
2013876;1;51.50
2014400;2;40.25
2014939;0;66.50
2015448;1;51.50
2015972;2;40.25
2016510;0;66.50
2017020;1;51.50
2017544;2;40.25
2018082;0;66.50
2018592;1;51.50
2019117;2;40.25
2019654;0;66.50
2020164;1;51.50
2020688;2;40.25
2021227;0;66.50
2021736;1;51.50
2022260;2;40.25
2022799;0;66.50
2023309;1;51.50
2023832;2;40.25
2024371;0;66.50
2024881;1;51.50
2025404;2;40.25
2025943;0;66.50
2026452;1;51.50
2026977;2;40.00
2027514;0;66.25
2028024;1;51.50
2028549;2;40.25
2029086;0;66.25
2029596;1;51.50
2030120;2;40.00
2030659;0;66.25
2031168;1;51.50
2031692;2;40.00
2032231;0;66.25
2032740;1;51.50
2033264;2;40.25
2033803;0;66.25
2034312;1;51.50
2034836;2;40.00
2035375;0;66.25
2035884;1;51.50
2036408;2;40.00
2036946;0;66.25
2037456;1;51.25
2037980;2;40.00
2038518;0;66.25
2039028;1;51.50
2039552;2;40.00
2040090;0;66.25
2040600;1;51.25
2041123;2;40.00
2041662;0;66.25
2042172;1;51.25
2042696;2;40.00
2043234;0;66.25
2043744;1;51.25
2044268;2;40.00
2044806;0;66.25
2045316;1;51.25
2045840;2;40.00
2046377;0;66.25
2046887;1;51.25
2047412;2;40.00
2047949;0;66.25
2048459;1;51.25
2048984;2;40.00
2049521;0;66.25
2050031;1;51.25
2050555;2;40.00
2051093;0;66.25
2051603;1;51.25
2052127;2;40.00
2052665;0;66.00
2053175;1;51.25
2053698;2;40.00
2054237;0;66.00
2054747;1;51.25
2055270;2;40.00
2055809;0;66.00
2056318;1;51.25
2056842;2;40.00
2057380;0;66.00
2057890;1;51.25
2058414;2;40.00
2058952;0;66.00
2059461;1;51.25
2059985;2;40.00
2060524;0;66.00
2061033;1;51.25
2061557;2;40.00
2062096;0;66.00
2062605;1;51.25
2063129;2;40.00
2063668;0;66.00
2064177;1;51.25
2064701;2;40.00
2065239;0;66.00
2065748;1;51.25
2066273;2;40.00
2066810;0;66.00
2067320;1;51.25
2067844;2;40.00
2068382;0;66.00
2068892;1;51.25
2069415;2;40.00
2069954;0;66.00
2070464;1;51.00
2070987;2;40.00
2071526;0;66.00
2072036;1;51.00
2072559;2;40.00
2073098;0;66.00
2073607;1;51.00
2074131;2;40.00
2074670;0;66.00
2075179;1;51.00
2075703;2;40.00
2076240;0;65.75
2076750;1;51.00
2077275;2;40.00
2077812;0;65.75
2078322;1;51.00
2078845;2;40.00
2079384;0;65.75
2079894;1;51.00
2080417;2;40.00
2080956;0;65.75
2081465;1;51.00
2081989;2;40.00
2082528;0;65.75
2083037;1;51.00
2083561;2;40.00
2084099;0;65.75
2084609;1;51.00
2085132;2;40.00
2085670;0;65.75
2086180;1;51.00
2086704;2;40.00
2087242;0;65.75
2087751;1;51.00
2088275;2;40.00
2088814;0;65.75
2089323;1;51.00
2089847;2;40.00
2090385;0;65.75
2090895;1;51.00
2091418;2;40.00
2091957;0;65.75
2092466;1;51.00
2092990;2;40.00
2093529;0;65.75
2094038;1;51.00
2094562;2;40.00
2095099;0;65.75
2095609;1;51.00
2096133;2;40.00
2096671;0;65.75
2097180;1;51.00
2097704;2;39.75
2098243;0;65.75
2098752;1;51.00
2099276;2;40.00
2099814;0;65.50
2100324;1;51.00
2100847;2;39.75
2101386;0;65.50
2101895;1;51.00
2102419;2;39.75
2102957;0;65.50
2103467;1;50.75
2103990;2;39.75
2104528;0;65.50
2105037;1;50.75
2105562;2;40.00
2106099;0;65.50
2106609;1;50.75
2107132;2;39.75
2107671;0;65.50
2108180;1;50.75
2108704;2;39.75
2109242;0;65.50
2109752;1;50.75
2110275;2;39.75
2110814;0;65.50
2111323;1;50.75
2111847;2;39.75
2112385;0;65.50
2112894;1;50.75
2113418;2;39.75
2113956;0;65.50
2114465;1;50.75
2114990;2;39.75
2115527;0;65.50
2116037;1;50.75
2116560;2;39.75
2117099;0;65.50
2117608;1;50.75
2118132;2;39.75
2118670;0;65.50
2119180;1;50.75
2119703;2;39.75
2120242;0;65.50
2120751;1;50.75
2121275;2;39.75
2121812;0;65.50
2122322;1;50.75
2122846;2;39.75
2123384;0;65.50
2123893;1;50.75
2124418;2;39.75
2124955;0;65.50
2125465;1;50.75
2125988;2;39.75
2126527;0;65.50
2127036;1;50.75
2127559;2;39.75
2128098;0;65.25
2128607;1;50.75
2129131;2;39.75
2129669;0;65.25
2130179;1;50.75
2130702;2;39.75
2131240;0;65.25
2131749;1;50.75
2132274;2;39.75
2132811;0;65.25
2133321;1;50.75
2133844;2;39.75
2134383;0;65.25
2134892;1;50.50
2135415;2;39.75
2135954;0;65.25
2136463;1;50.75
2136987;2;39.75
2137525;0;65.25
2138035;1;50.50
2138558;2;39.75
2139097;0;65.25
2139606;1;50.50
2140129;2;39.75
2140667;0;65.25
2141176;1;50.50
2141701;2;39.75
2142238;0;65.25
2142748;1;50.50
2143271;2;39.75
2143810;0;65.25
2144319;1;50.50
2144842;2;39.75
2145381;0;65.25
2145890;1;50.50
2146414;2;39.75
2146952;0;65.00
2147461;1;50.50
2147985;2;39.75
2148523;0;65.00
2149031;1;50.50
2149556;2;39.75
2150093;0;65.00
2150603;1;50.50
2151127;2;39.75
2151664;0;65.00
2152174;1;50.50
2152697;2;39.75
2153236;0;65.00
2153745;1;50.50
2154268;2;39.75
2154807;0;65.00
2155316;1;50.50
2155839;2;39.75
2156378;0;65.00
2156887;1;50.50
2157411;2;39.75
2157948;0;65.00
2158457;1;50.50
2158982;2;39.75
2159519;0;65.00
2160028;1;50.50
2160552;2;39.75
2161090;0;65.00
2161600;1;50.50
2162123;2;39.75
2162661;0;65.00
2163171;1;50.50
2163694;2;39.75
2164233;0;65.00
2164742;1;50.50
2165265;2;39.75
2165804;0;65.00
2166312;1;50.50
2166836;2;39.75
2167374;0;65.00
2167883;1;50.50
2168407;2;39.50
2168945;0;65.00
2169454;1;50.25
2169977;2;39.75
2170516;0;65.00
2171025;1;50.25
2171549;2;39.50
2172087;0;65.00
2172596;1;50.25
2173120;2;39.75
2173658;0;64.75
2174167;1;50.25
2174691;2;39.50
2175228;0;64.75
2175737;1;50.25
2176262;2;39.50
2176799;0;64.75
2177309;1;50.25
2177832;2;39.50
2178370;0;64.75
2178880;1;50.25
2179403;2;39.50
2179941;0;64.75
2180450;1;50.25
2180974;2;39.50
2181512;0;64.75
2182021;1;50.25
2182545;2;39.50
2183083;0;64.75
2183591;1;50.25
2184116;2;39.50
2184653;0;64.75
2185162;1;50.25
2185687;2;39.50
2186224;0;64.75
2186733;1;50.25
2187257;2;39.50
2187795;0;64.75
2188304;1;50.25
2188827;2;39.50
2189366;0;64.75
2189875;1;50.25
2190398;2;39.50
2190937;0;64.75
2191446;1;50.25
2191969;2;39.50
2192507;0;64.75
2193016;1;50.25
2193540;2;39.50
2194077;0;64.75
2194587;1;50.25
2195110;2;39.50
2195648;0;64.75
2196157;1;50.25
2196681;2;39.50
2197219;0;64.75
2197728;1;50.25
2198251;2;39.50
2198790;0;64.75
2199299;1;50.25
2199822;2;39.50
2200360;0;64.75
2200869;1;50.25
2201393;2;39.50
2201930;0;64.50
2202440;1;50.25
2202963;2;39.50
2203501;0;64.50
2204010;1;50.25
2204534;2;39.50
2205072;0;64.50
2205581;1;50.00
2206105;2;39.50
2206643;0;64.50
2207152;1;50.00
2207675;2;39.50
2208214;0;64.50
2208722;1;50.25
2209246;2;39.50
2209783;0;64.50
2210293;1;50.00
2210817;2;39.50
2211354;0;64.50
2211863;1;50.00
2212386;2;39.50
2212925;0;64.50
2213434;1;50.00
2213957;2;39.50
2214496;0;64.50
2215005;1;50.00
2215528;2;39.50
2216066;0;64.50
2216574;1;50.00
2217099;2;39.50
2217636;0;64.50
2218145;1;50.00
2218669;2;39.50
2219207;0;64.50
2219716;1;50.00
2220239;2;39.50
2220777;0;64.50
2221287;1;50.00
2221810;2;39.50
2222348;0;64.50
2222857;1;50.00
2223380;2;39.50
2223919;0;64.25
2224428;1;50.00
2224951;2;39.50
2225488;0;64.25
2225998;1;50.00
2226522;2;39.50
2227059;0;64.25
2227568;1;50.00
2228092;2;39.50
2228630;0;64.25
2229139;1;50.00
2229662;2;39.50
2230201;0;64.25
2230710;1;50.00
2231233;2;39.50
2231771;0;64.25
2232280;1;50.00
2232804;2;39.25
2233341;0;64.25
2233850;1;50.00
2234374;2;39.25
2234912;0;64.25
2235421;1;50.00
2235944;2;39.50
2236482;0;64.25
2236991;1;50.00
2237514;2;39.50
2238053;0;64.25
2238562;1;50.00
2239085;2;39.25
2239623;0;64.25
2240132;1;50.00
2240655;2;39.25
2241193;0;64.25
2241702;1;50.00
2242226;2;39.25
2242763;0;64.25
2243272;1;50.00
2243795;2;39.50
2244334;0;64.25
2244843;1;49.75
2245366;2;39.25
2245904;0;64.25
2246413;1;50.00
2246936;2;39.25
2247475;0;64.25
2247984;1;49.75
2248507;2;39.25
2249044;0;64.00
2249553;1;49.75
2250077;2;39.25
2250615;0;64.00
2251124;1;49.75
2251648;2;39.25
2252185;0;64.00
2252694;1;49.75
2253217;2;39.25
2253756;0;64.00
2254265;1;49.75
2254788;2;39.25
2255326;0;64.00
2255835;1;49.75
2256358;2;39.25
2256897;0;64.00
2257405;1;49.75
2257929;2;39.25
2258466;0;64.00
2258975;1;49.75
2259499;2;39.25
2260036;0;64.00
2260545;1;49.75
2261068;2;39.25
2261607;0;64.00
2262116;1;49.75
2262639;2;39.25
2263177;0;64.00
2263686;1;49.75
2264209;2;39.25
2264747;0;64.00
2265255;1;49.75
2265779;2;39.25
2266317;0;64.00
2266826;1;49.75
2267350;2;39.25
2267887;0;64.00
2268396;1;49.75
2268919;2;39.25
2269457;0;64.00
2269966;1;49.75
2270489;2;39.25
2271027;0;64.00
2271536;1;49.75
2272060;2;39.25
2272598;0;64.00
2273106;1;49.75
2273630;2;39.25
2274167;0;63.75
2274676;1;49.75
2275200;2;39.25
2275737;0;64.00
2276246;1;49.75
2276769;2;39.25
2277308;0;63.75
2277817;1;49.75
2278340;2;39.25
2278878;0;63.75
2279387;1;49.50
2279910;2;39.25
2280448;0;63.75
2280956;1;49.50
2281480;2;39.25
2282017;0;63.75
2282526;1;49.50
2283049;2;39.25
2283588;0;63.75
2284096;1;49.50
2284620;2;39.25
2285158;0;63.75
2285667;1;49.50
2286190;2;39.25
2286728;0;63.75
2287237;1;49.50
2287760;2;39.25
2288297;0;63.75
2288806;1;49.50
2289330;2;39.25
2289867;0;63.75
2290376;1;49.50
2290899;2;39.25
2291437;0;63.75
2291946;1;49.50
2292469;2;39.25
2293007;0;63.75
2293516;1;49.50
2294039;2;39.25
2294578;0;63.75
2295086;1;49.50
2295610;2;39.25
2296147;0;63.75
2296656;1;49.50
2297180;2;39.25
2297717;0;63.75
2298226;1;49.50
2298749;2;39.25
2299287;0;63.75
2299796;1;49.50
2300319;2;39.25
2300857;0;63.75
2301366;1;49.50
2301889;2;39.25
2302427;0;63.75
2302936;1;49.50
2303459;2;39.25
2303996;0;63.75
2304505;1;49.50
2305029;2;39.00
2305566;0;63.50
2306075;1;49.50
2306598;2;39.25
2307137;0;63.50
2307645;1;49.50
2308168;2;39.00
2308707;0;63.50
2309216;1;49.50
2309738;2;39.25
2310277;0;63.50
2310785;1;49.50
2311309;2;39.00
2311846;0;63.50
2312355;1;49.50
2312878;2;39.00
2313416;0;63.50
2313924;1;49.25
2314447;2;39.00
2314986;0;63.50
2315494;1;49.25
2316017;2;39.00
2316556;0;63.50
2317064;1;49.25
2317587;2;39.00
2318125;0;63.50
2318633;1;49.25
2319157;2;39.00
2319694;0;63.50
2320203;1;49.25
2320727;2;39.00
2321264;0;63.50
2321773;1;49.25
2322296;2;39.00
2322834;0;63.50
2323343;1;49.25
2323866;2;39.00
2324404;0;63.50
2324913;1;49.25
2325436;2;39.00
2325974;0;63.50
2326482;1;49.25
2327006;2;39.00
2327543;0;63.25
2328052;1;49.25
2328576;2;39.00
2329113;0;63.50
2329622;1;49.25
2330145;2;39.00
2330683;0;63.50
2331192;1;49.25
2331714;2;39.00
2332253;0;63.25
2332761;1;49.25
2333284;2;39.00
2333821;0;63.25
2334330;1;49.25
2334854;2;39.00
2335391;0;63.25
2335900;1;49.25
2336423;2;39.00
2336961;0;63.25
2337470;1;49.25
2337993;2;39.00
2338531;0;63.25
2339039;1;49.25
2339562;2;39.00
2340100;0;63.25
2340609;1;49.25
2341132;2;39.00
2341669;0;63.25
2342178;1;49.25
2342702;2;39.00
2343239;0;63.25
2343748;1;49.25
2344271;2;39.00
2344809;0;63.25
2345317;1;49.25
2345840;2;39.00
2346378;0;63.25
2346887;1;49.25
2347410;2;39.00
2347948;0;63.25
2348456;1;49.25
2348980;2;39.00
2349517;0;63.25
2350025;1;49.00
2350548;2;39.00
2351086;0;63.25
2351595;1;49.00
2352118;2;39.00
2352656;0;63.25
2353165;1;49.00
2353688;2;39.00
2354226;0;63.25
2354735;1;49.00
2355257;2;39.00
2355794;0;63.00
2356303;1;49.00
2356827;2;39.00
2357364;0;63.00
2357873;1;49.00
2358396;2;39.00
2358934;0;63.00
2359442;1;49.00
2359965;2;39.00
2360503;0;63.00
2361012;1;49.00
2361535;2;39.00
2362073;0;63.00
2362580;1;49.00
2363104;2;39.00
2363641;0;63.00
2364150;1;49.00
2364674;2;39.00
2365211;0;63.00
2365719;1;49.00
2366242;2;39.00
2366780;0;63.00
2367289;1;49.00
2367812;2;39.00
2368350;0;63.00
2368858;1;49.00
2369381;2;39.00
2369918;0;63.00
2370427;1;49.00
2370951;2;39.00
2371488;0;63.00
2371996;1;49.00
2372519;2;39.00
2373057;0;63.00
2373566;1;49.00
2374089;2;38.75
2374627;0;63.00
2375135;1;49.00
2375658;2;38.75
2376196;0;63.00
2376705;1;49.00
2377228;2;38.75
2377765;0;63.00
2378273;1;49.00
2378797;2;38.75
2379334;0;63.00
2379843;1;49.00
2380366;2;38.75
2380903;0;63.00
2381412;1;49.00
2381935;2;38.75
2382473;0;63.00
2382981;1;49.00
2383504;2;38.75
2384041;0;62.75
2384550;1;49.00
2385074;2;38.75
2385074;P;70
2385611;0;62.75
2386119;1;48.75
2386642;2;38.75
2387180;0;62.75
2387689;1;48.75
2388211;2;38.75
2388749;0;62.75
2389258;1;48.75
2389781;2;38.75
2390318;0;62.75
2390827;1;48.75
2391350;2;38.75
2391887;0;62.75
2392396;1;48.75
2392919;2;38.75
2393456;0;62.75
2393965;1;48.75
2394488;2;38.75
2395026;0;63.00
2395534;1;48.75
2396057;2;38.75
2396595;0;63.25
2397104;1;48.75
2397626;2;38.75
2398163;0;63.25
2398672;1;48.75
2399196;2;38.75
2399733;0;63.50
2400241;1;48.75
2400764;2;38.75
2401302;0;63.50
2401810;1;48.75
2402333;2;38.75
2402871;0;63.50
2403380;1;48.75
2403902;2;38.75
2404440;0;63.50
2404948;1;48.75
2405472;2;38.75
2406008;0;63.50
2406517;1;48.75
2407041;2;38.75
2407577;0;63.50
2408086;1;48.75
2408609;2;38.75
2409147;0;63.50
2409655;1;48.50
2410178;2;38.75
2410716;0;63.50
2411224;1;48.50
2411747;2;38.75
2412284;0;63.50
2412792;1;48.50
2413316;2;38.75
2413853;0;63.25
2414361;1;48.50
2414884;2;38.75
2415422;0;63.25
2415930;1;48.50
2416453;2;38.75
2416991;0;63.25
2417499;1;48.50
2418022;2;38.75
2418560;0;63.25
2419067;1;48.25
2419591;2;38.75
2420127;0;62.50
2420636;1;48.25
2421158;2;38.75
2421696;0;61.75
2422205;1;48.25
2422727;2;38.75
2423265;0;61.00
2423773;1;48.25
2424296;2;38.75
2424833;0;60.00
2425341;1;48.00
2425864;2;38.75
2426401;0;59.00
2426909;1;48.00
2427432;2;38.75
2427970;0;58.25
2428478;1;48.00
2429000;2;38.75
2429538;0;57.75
2430046;1;48.00
2430569;2;38.75
2431106;0;57.25
2431614;1;47.75
2432137;2;38.75
2432674;0;56.75
2433182;1;47.75
2433704;2;38.75
2434242;0;56.00
2434750;1;47.75
2435273;2;38.75
2435810;0;55.50
2436318;1;47.75
2436841;2;38.75
2437378;0;55.00
2437885;1;47.50
2438409;2;38.75
2438945;0;54.50
2439453;1;47.50
2439976;2;38.75
2440513;0;53.75
2441021;1;47.50
2441544;2;38.75
2442081;0;53.25
2442589;1;47.25
2443112;2;38.75
2443649;0;52.75
2444156;1;47.25
2444679;2;38.75
2445216;0;52.00
2445724;1;47.25
2446246;2;38.50
2446783;0;51.50
2447292;1;47.00
2447814;2;38.75
2448351;0;50.75
2448859;1;47.00
2449381;2;38.75
2449918;0;50.00
2450426;1;47.00
2450949;2;38.75
2451485;0;49.50
2451993;1;47.00
2452515;2;38.75
2453052;0;49.00
2453560;1;46.75
2454083;2;38.50
2454620;0;48.00
2455128;1;46.75
2455650;2;38.50
2456186;0;46.50
2456694;1;46.75
2457217;2;38.50
2457753;0;45.25
2458261;1;46.50
2458783;2;38.50
2459320;0;44.25
2459828;1;46.50
2460350;2;38.50
2460887;0;43.50
2461394;1;46.50
2461917;2;38.50
2462453;0;42.75
2462961;1;46.50
2463483;2;38.50
2464020;0;42.25
2464528;1;46.25
2465050;2;38.50
2465587;0;41.75
2466095;1;46.25
2466617;2;38.50
2467153;0;41.75
2467661;1;46.25
2468183;2;38.50
2468719;0;46.00
2469227;1;46.25
2469749;2;38.50
2470286;0;50.00
2470794;1;46.00
2471316;2;38.50
2471853;0;52.75
2472359;1;46.00
2472882;2;38.50
2473418;0;54.50
2473926;1;46.00
2474448;2;38.50
2474985;0;56.00
2475492;1;45.75
2476014;2;38.50
2476551;0;57.00
2477059;1;45.75
2477580;2;38.50
2478116;0;57.75
2478624;1;45.75
2479147;2;38.50
2479683;0;58.50
2480190;1;45.75
2480712;2;38.50
2481249;0;59.00
2481756;1;45.50
2482278;2;38.50
2482814;0;59.50
2483322;1;45.50
2483844;2;38.50
2484380;0;60.00
2484888;1;45.50
2485409;2;38.50
2485946;0;60.25
2486454;1;45.50
2486975;2;38.50
2487512;0;60.50
2488019;1;45.50
2488541;2;38.50
2489077;0;60.75
2489585;1;45.25
2490106;2;38.50
2490643;0;60.75
2491150;1;45.25
2491672;2;38.50
2492209;0;61.00
2492716;1;45.25
2493238;2;38.50
2493773;0;61.00
2494281;1;45.25
2494802;2;38.50
2495339;0;61.25
2495847;1;45.25
2496368;2;38.50
2496905;0;61.25
2497412;1;45.25
2497934;2;38.50
2498470;0;61.50
2498977;1;45.00
2499500;2;38.50
2500035;0;61.50
2500543;1;45.00
2501064;2;38.50
2501601;0;61.50
2502109;1;45.25
2502630;2;38.50
2503166;0;61.50
2503673;1;45.00
2504196;2;38.50
2504731;0;61.75
2505239;1;45.00
2505760;2;38.50
2506297;0;61.75
2506804;1;45.00
2507326;2;38.50
2507862;0;61.75
2508369;1;45.00
2508891;2;38.50
2509427;0;61.75
2509934;1;45.00
2510456;2;38.50
2510992;0;61.75
2511500;1;45.00
2512021;2;38.50
2512558;0;61.75
2513064;1;45.00
2513587;2;38.50
2514122;0;61.75
2514629;1;45.00
2515151;2;38.50
2515687;0;61.75
2516195;1;45.00
2516716;2;38.50
2517253;0;61.75
2517760;1;45.00
2518282;2;38.50
2518817;0;61.75
2519325;1;44.75
2519846;2;38.50
2520383;0;61.75
2520890;1;44.75
2521411;2;38.50
2521948;0;60.75
2522455;1;44.75
2522976;2;38.50
2523512;0;59.75
2524019;1;44.75
2524541;2;38.50
2525077;0;58.50
2525584;1;44.75
2526106;2;38.50
2526642;0;57.75
2527150;1;44.75
2527671;2;38.50
2528207;0;56.75
2528714;1;44.75